-10.0	-1.0541602749285072e-8
-9.900990099009901	-1.1561681841913294e-8
-9.80296049406921	-1.2717500644552032e-8
-9.705901479276445	-1.4029528179217233e-8
-9.609803444828163	-1.5521433377009335e-8
-9.514656876067487	-1.7220318161358278e-8
-9.420452352542066	-1.915717309970973e-8
-9.327180547071352	-2.136738495422815e-8
-9.234832224823121	-2.389130252911805e-8
-9.14339824239913	-2.6774867906288127e-8
-9.05286954692983	-3.007031823853011e-8
-8.96323717517805	-3.383696604711136e-8
-8.874492252651534	-3.814206489245314e-8
-8.786625992724291	-4.3061768563925755e-8
-8.699629695766625	-4.86821923171127e-8
-8.613494748283786	-5.510058518400263e-8
-8.528212622063155	-6.24266230720045e-8
-8.443774873329856	-7.078383344684263e-8
-8.360173141910748	-8.03111618979242e-8
-8.27739915040668	-9.116469228527302e-8
-8.195444703372951	-1.0351953388120635e-7
-8.114301686507872	-1.1757188802740208e-7
-8.033962065849378	-1.335413050734699e-7
-7.9544178869795825	-1.5167315174210137e-7
-7.875661274237211	-1.7224130155410788e-7
-7.797684429937832	-1.9555105663585296e-7
-7.720479633601814	-2.2194233176316194e-7
-7.6440392411899145	-2.517931042074004e-7
-7.56835568434645	-2.8552315388224504e-7
-7.493421469649951	-3.2359811009923085e-7
-7.419229177871238	-3.665338238385218e-7
-7.34577146323885	-4.1490107691929394e-7
-7.273041052711733	-4.693306632926801e-7
-7.201030745259142	-5.305188502356165e-7
-7.129733411147665	-5.992332330022245e-7
-7.059141991235312	-6.763190186415501e-7
-6.989249496272586	-7.627057439494063e-7
-6.920049006210481	-8.594144510128185e-7
-6.8515336695153275	-9.675653653214883e-7
-6.783696702490423	-1.0883860226789187e-6
-6.71653138860438	-1.2232199381412098e-6
-6.650031077826118	-1.373535816869396e-6
-6.584189185966454	-1.54093730145767e-6
-6.518999194026192	-1.7271732675040541e-6
-6.454454647550685	-1.934148682695004e-6
-6.390549155990778	-2.1639361349184935e-6
-6.327276392070077	-2.418787825381142e-6
-6.264630091158492	-2.7011483320930146e-6
-6.202604050651972	-3.013667770779301e-6
-6.141192129358388	-3.359215875740045e-6
-6.080388246889493	-3.740896458604621e-6
-6.0201863830589035	-4.162062675669449e-6
-5.960580577286043	-4.626332747607261e-6
-5.901564928005984	-5.137606475689891e-6
-5.843133592085132	-5.700082424294132e-6
-5.785280784242705	-6.318275663080676e-6
-5.728000776477925	-6.997036237572999e-6
-5.671287897502896	-7.741568206224858e-6
-5.6151365321810855	-8.557449449992187e-6
-5.559541120971372	-9.450652548786314e-6
-5.504496159377596	-1.0427565044998784e-5
-5.449996197403561	-1.1495012381038348e-5
-5.396035839013426	-1.2660280222584367e-5
-5.342609741597451	-1.3931137826582655e-5
-5.289712615443021	-1.5315862828162886e-5
-5.2373392232109115	-1.682326676916983e-5
-5.185484379416744	-1.8462720802956012e-5
-5.134142949917568	-2.0244184553434476e-5
-5.083309851403533	-2.217823486266996e-5
-5.032980050894587	-2.427609442486523e-5
-4.983148565242166	-2.654966749978459e-5
-4.933810460635808	-2.9011570754956918e-5
-4.884960852114661	-3.16751726711904e-5
-4.836594903083823	-3.455463193464152e-5
-4.788707824835468	-3.766493575593496e-5
-4.741294876074721	-4.1021951688609645e-5
-4.6943513624502184	-4.464247355550725e-5
-4.647872636089325	-4.854427551186066e-5
-4.601854095137945	-5.274617383267516e-5
-4.556291183304896	-5.726808861098335e-5
-4.511179389410787	-6.213112398131433e-5
-4.466514246941374	-6.735764006152417e-5
-4.422291333605321	-7.297134828891276e-5
-4.378506270896357	-7.899741172217068e-5
-4.335154723659759	-8.546255087272085e-5
-4.292232399663128	-9.239518046047462e-5
-4.249735049171414	-9.982553986226707e-5
-4.207658464526152	-0.00010778585969481031
-4.165998479728864	-0.00011631052622726396
-4.124750970028578	-0.0001254362999215909
-4.083911851513443	-0.00013520249714155807
-4.04347708070638	-0.00014565133893725275
-4.003442654164732	-0.00015684066020324548
-3.963804608083893	-0.0001687813970126764
-3.9245590179048446	-0.00018156382404439965
-3.885701997925589	-0.0001952319842109553
-3.8472297009164245	-0.0002098471195156241
-3.809138317739034	-0.00022547554404707157
-3.771424076969341	-0.00024218917194325658
-3.7340832445240997	-0.00026006613251700116
-3.6971121232911877	-0.0002791913882987132
-3.660507052763552	-0.00029965749156033903
-3.624264408676784	-0.0003215653090952284
-3.588380602650281	-0.0003450251587528803
-3.5528520818319613	-0.0003701572413506236
-3.5176753285464963	-0.0003970932373953363
-3.482846859947026	-0.00042597716495970683
-3.4483632276703227	-0.00045696672962675826
-3.414221017495369	-0.0004902346071478427
-3.3804168490053157	-0.000525970094367569
-3.3469473752527876	-0.0005643805999505675
-3.3138092824285024	-0.0006056933607424108
-3.2809992895331708	-0.0006501576510522375
-3.2485141480526445	-0.0006980463363405511
-3.2163506416362817	-0.000749658621638747
-3.1845055857784965	-0.0008053222785117913
-3.152975827503462	-0.0008653960022015251
-3.1217582450529324	-0.0009302729204926183
-3.0908497475771606	-0.0010003830010064222
-3.060247274828872	-0.0010761968190855053
-3.0299477968602693	-0.0011582286220121292
-2.999948313723039	-0.0012470417276543638
-2.9702458551713256	-0.0013432503924043315
-2.940837480367649	-0.001447526639356468
-2.9117202775917317	-0.0015606043839016923
-2.8828913639522096	-0.001683285080819026
-2.8543478851011974	-0.001816443831081853
-2.8260870149516806	-0.0019610363863800857
-2.7981059553977037	-0.0021181056713459427
-2.7704019360373304	-0.0022887912169465598
-2.742972213898347	-0.0024743324400361903
-2.71581407316668	-0.002676100384247281
-2.688924824917505	-0.00289556738783432
-2.662301806849015	-0.0031343597356627852
-2.635942383018827	-0.003394251397510828
-2.6098439435829968	-0.0036771824104251862
-2.5840039045376204	-0.00398527784546498
-2.5584197074629906	-0.00432086136011672
-2.533088819270288	-0.004686493433322144
-2.5080087319507802	-0.0050849625489000965
-2.483176962327505	-0.005519342603075429
-2.4585910518094107	-0.005993017490315388
-2.4342485661479314	-0.006509691812300878
-2.410147095195972	-0.0070734683854557405
-2.386284252669279	-0.007688844750691801
-2.362657675910177	-0.008360799514142786
-2.3392650256536407	-0.0090948264288969
-2.3161039857956838	-0.009896997353956258
-2.293172263164043	-0.010774034877811227
-2.2704675872911317	-0.011733376262233228
-2.247987710189239	-0.012783272786380771
-2.2257304061279597	-0.013932870664425188
-2.2036934714138217	-0.015192316421012361
-2.1818747241721006	-0.01657286818932045
-2.1602720041307926	-0.018087014589553228
-2.138883172406725	-0.0197485983859759
-2.117706111293787	-0.021572944849739158
-2.0967387240532545	-0.023576984691477402
-2.0759789347061925	-0.025779355782521857
-2.055424687827913	-0.02820048760947988
-2.0350739483444684	-0.030862637326867486
-2.014924701331157	-0.03378977533650102
-1.9949749518130266	-0.037398588427719155
-1.975222724567353	-0.041406693395955055
-1.9556660639280723	-0.045572450634993336
-1.9363030335921507	-0.05004534772579876
-1.917131716427872	-0.054878391899842546
-1.8981502142850217	-0.06010485783365528
-1.879356647806952	-0.06574641689012051
-1.860749156244507	-0.07181326208069899
-1.842325897271789	-0.07830228182413965
-1.8240850468037515	-0.08519484304082264
-1.8060247988155955	-0.09245524505163802
-1.788143365163956	-0.10003057053561284
-1.7704389754098575	-0.10785235384553037
-1.7529098766434232	-0.11584051793256739
-1.73555433331032	-0.12390844155168587
-1.7183706270399208	-0.1319693202260176
-1.7013570564751692	-0.13994175921539795
-1.684511937104128	-0.14775509097341805
-1.667833601093196	-0.15535516801637766
-1.6513203971219763	-0.16271828548224165
-1.6349706902197785	-0.16991041758858108
-1.618782861603741	-0.1769082911011256
-1.6027553085185553	-0.18348045578839606
-1.5868864440777775	-0.18962843526668016
-1.5711746971067104	-0.1953746435127719
-1.555618511986842	-0.20073587185603808
-1.5402163485018237	-0.2057273845288322
-1.5249666816849738	-0.2103645719572988
-1.5098680016682908	-0.21466328997656473
-1.4949188135329612	-0.21863987219555864
-1.4801176371613476	-0.22231065242198228
-1.465463007090443	-0.2256920439184178
-1.4509534723667754	-0.22880025072872967
-1.436587596402748	-0.23165110582700238
-1.4223639568344038	-0.23425996222643708
-1.4082811453805977	-0.23664167403837297
-1.394337767703562	-0.23881045105418996
-1.3805324432708534	-0.24077985901570814
-1.3668638052186668	-0.2425628622182887
-1.3533305002165017	-0.24417164081997256
-1.33993118833317	-0.24561777824781691
-1.3266645429041286	-0.24691221501851968
-1.3135292504001272	-0.24806516838714673
-1.3005240102971556	-0.24908625295771608
-1.2876475349476788	-0.24998444665860084
-1.2748985494531473	-0.2507681716552655
-1.2622757915377696	-0.2514452267834927
-1.2497780114235342	-0.25202291345106836
-1.2374039717064695	-0.2525080019789019
-1.2251524472341282	-0.2529067639940939
-1.2130222249842852	-0.2532250103926116
-1.201012103944837	-0.253468173156793
-1.189120894994888	-0.25364119932915696
-1.1773474207870178	-0.2537487701646395
-1.1656905156307107	-0.2537950985358482
-1.1541490253769413	-0.2537842116448452
-1.1427218073039023	-0.25371977767158177
-1.1314077300038636	-0.2536052165047422
-1.120205673271152	-0.2534436964063559
-1.1091145279912396	-0.2532382126887742
-1.0981331960309302	-0.2529915207710634
-1.087260590129634	-0.2527062332563639
-1.0764956337917169	-0.25238479564431254
-1.0658372611799176	-0.2520295023992224
-1.0552844170098195	-0.2516425436532731
-1.0448360564453658	-0.2512259820366982
-1.0344911449954117	-0.2507817599209745
-1.0242486584112986	-0.25031175786073206
-1.0141075825854442	-0.24981774043228774
-1.0040669134509348	-0.24930139057508516
-0.9941256568821136	-0.2487643153014235
-0.9842828285961521	-0.24820807766244446
-0.9745374540555961	-0.24763404379679627
-0.9648885683718773	-0.24704359295524422
-0.9553352162097795	-0.24643803754129154
-0.945876451692851	-0.24581859079633883
-0.9365113383097534	-0.24518633731421058
-0.927238948821538	-0.24454231400111714
-0.9180583651698396	-0.2438874447830732
-0.9089686783859798	-0.24322257819609042
-0.8999689885009702	-0.2425484484749913
-0.8910584044564062	-0.2418657266870936
-0.8822360440162437	-0.24117491538488467
-0.8735010336794492	-0.24047649453857806
-0.864852508593514	-0.23977079561251294
-0.8562896124688257	-0.23905804127869845
-0.8478114974938868	-0.23833839671104362
-0.839417324251373	-0.23761195848683062
-0.8311062616350228	-0.2368785414696677
-0.8228774867673493	-0.23613808705006367
-0.8147301849181676	-0.23539040425303925
-0.8066635494239284	-0.23463515488762227
-0.7986767816078498	-0.23387195387334075
-0.7907690907008414	-0.23310038997859336
-0.7829396937632094	-0.23231994575091824
-0.775187815607138	-0.2315300941841089
-0.7675126887199386	-0.23073024175598422
-0.759913553188058	-0.229919780126069
-0.7523896566218395	-0.22909805527523996
-0.7449402540810293	-0.22826443486673265
-0.7375646080010191	-0.2274182345829325
-0.7302619881198209	-0.22655883535293536
-0.7230316714057633	-0.22568557507363612
-0.7158729419859042	-0.2247978416537762
-0.7087850910751528	-0.22389500222915523
-0.7017674169060918	-0.22297653920688834
-0.6948192246594969	-0.22204183558028187
-0.6879398263955414	-0.2210904395490672
-0.6811285409856845	-0.22012184187713715
-0.6743846940452322	-0.21913561065517545
-0.6677076178665665	-0.2181313221440252
-0.6610966513530362	-0.21710861411753013
-0.6545511399535012	-0.2160670654523167
-0.648070435597526	-0.21500628753344714
-0.6416538966312139	-0.2139258611231566
-0.6353008877536771	-0.21282529197384648
-0.6290107799541358	-0.21170397179738143
-0.6227829504496394	-0.21056109533345857
-0.6166167826234054	-0.20939558929255428
-0.6105116659637677	-0.20820591730337812
-0.6044669960037304	-0.20698988470907287
-0.5984821742611193	-0.2057445322187781
-0.592556608179326	-0.20446645299298316
-0.5866897110686395	-0.2031554972472152
-0.580880902048158	-0.20183036332458817
-0.5751296059882752	-0.20054201114130846
-0.5694352534537378	-0.19931641705591402
-0.5637972806472652	-0.19813510971054074
-0.558215129353728	-0.19697912848367355
-0.5526882468848792	-0.19583872901375587
-0.5472160860246328	-0.19470950594920955
-0.5417981049748839	-0.19358964732231132
-0.5364337673018652	-0.19247867623492868
-0.5311225418830349	-0.19137684833771082
-0.5258639028544899	-0.19028481192097724
-0.5206573295589009	-0.18920347975015953
-0.5155023064939612	-0.18813393764155809
-0.5103983232613477	-0.1870773461917103
-0.5053448745161858	-0.18603482873024907
-0.5003414599170156	-0.18500768920196853
-0.4953875840762531	-0.1839972380808621
-0.4904827565111417	-0.18300460906261806
-0.4856264915951898	-0.1820312421838709
-0.4808183085100889	-0.18107811616462416
-0.4760577311981078	-0.18014648284041987
-0.4713442883149582	-0.17923742946051244
-0.46667751318312695	-0.17835202135283768
-0.46205694374567025	-0.17749124636311345
-0.4574821225204656	-0.17665602754656587
-0.45295259655491643	-0.17584717821012194
-0.44846791738110536	-0.17506550023445502
-0.44402764097139147	-0.17431162261685473
-0.439631327694447	-0.17358614238341494
-0.43527854227172974	-0.17288955652877744
-0.43096885373438587	-0.17222223812034865
-0.42670183538058004	-0.17158447982908706
-0.4224770647332476	-0.1709764951254969
-0.41829412349826495	-0.1703983263572761
-0.41415259752303457	-0.1698500010062232
-0.4100520767554798	-0.16933147252202846
-0.40599215520344534	-0.16884246700855285
-0.40197243089450035	-0.16838279500682335
-0.397992505836139	-0.16795204976072017
-0.39405198597637525	-0.16754981541553493
-0.39015048116472795	-0.16717561396503203
-0.386287605113592	-0.1668288875104252
-0.3824629753599921	-0.16650901759979736
-0.37867621322771494	-0.1662153921845529
-0.3749269437898168	-0.16594730123805157
-0.37121479583150174	-0.16570403728702102
-0.3675394018133681	-0.16548489835719485
-0.3639003978350179	-0.16528913296094666
-0.3602974235990276	-0.16511601563170525
-0.35673012237527485	-0.16496481427357856
-0.35319814096561863	-0.16483484160028472
-0.34970112966892936	-0.16472537179114646
-0.3462387422464647	-0.1646357629261963
-0.3428106358875888	-0.1645653827313393
-0.3394164711758305	-0.16451360757900907
-0.33605591205527774	-0.16447990188299708
-0.33272862579730467	-0.1644637163017355
-0.3294342829676284	-0.16446461967043047
-0.3261725573936915	-0.16448214513681103
-0.3229431261323678	-0.16451591881126126
-0.31974566943798793	-0.16456560866258438
-0.3165798707306811	-0.16463095312224083
-0.3134454165650308	-0.16471169381152512
-0.3103419965990404	-0.164807641850314
-0.3072693035634063	-0.1649186953068675
-0.30422703323109535	-0.16504476830532677
-0.3012148843872231	-0.16518580261494803
-0.2982325587992308	-0.16534184721715617
-0.2952797611873572	-0.1655129813433915
-0.2923561991954032	-0.16569929089362156
-0.28946158336178535	-0.1659009631095897
-0.2865956270908766	-0.16611819652036364
-0.2837580466246303	-0.16635123574227778
-0.2809485610144854	-0.16660032125509844
-0.2781668920935499	-0.16686572598746888
-0.27541276444905927	-0.16714778009396308
-0.2726859053951082	-0.16744675629228759
-0.26998604494565165	-0.16776295527774193
-0.2673129157877739	-0.16809662016452684
-0.26466625325522164	-0.1684480621151793
-0.2620457953021996	-0.1688174354304163
-0.2594512824774254	-0.16920491555301503
-0.256882457898441	-0.16961061544157363
-0.2543390672261792	-0.17003453555726197
-0.2518208586397814	-0.17047665470358886
-0.24932758281166473	-0.17093695297332528
-0.24685899288283636	-0.17141493534353092
-0.24441484443845185	-0.17191065994184013
-0.2419948954836157	-0.17242345538213866
-0.23959890641942147	-0.172952892104059
-0.23722664001922916	-0.17349833684611735
-0.23487786140517738	-0.17405905500140603
-0.2325523380249281	-0.17463421356345987
-0.2302498396286417	-0.17522283585279852
-0.2279701382461799	-0.17582385686338428
-0.22571300816453455	-0.17643603902167335
-0.22347822590547975	-0.1770581305053792
-0.22126557020344528	-0.17768864301019
-0.2190748219836092	-0.17832596687813868
-0.2169057643402071	-0.17896839009791357
-0.21475818251505654	-0.17961385011620218
-0.2126318638762936	-0.18026029068492355
-0.2105265978973204	-0.18090526220734066
-0.20844217613596078	-0.18154598234246422
-0.20637839221382254	-0.18217925964238074
-0.2043350417958639	-0.18280142117729895
-0.20231192257016228	-0.18340822478974284
-0.20030883422788345	-0.1839952167054356
-0.19832557844344897	-0.18455943711361258
-0.19636195885489996	-0.18510504875690997
-0.1944177810444554	-0.18565552975957414
-0.19249285251926276	-0.18625415116444277
-0.19058698269233937	-0.1869259719528109
-0.18869998286370235	-0.1876607607084915
-0.18683166620168548	-0.1884385841779445
-0.18498184772444107	-0.18924454007517694
-0.18315034428162483	-0.19006892460488728
-0.1813369745362622	-0.19090570427393555
-0.17954155894679427	-0.191750872603344
-0.17776391974930125	-0.1926016533071012
-0.17600388093990224	-0.19345601901417694
-0.17426126825732896	-0.19431247309478764
-0.17253590916567224	-0.19516979533150827
-0.17082763283729924	-0.19602688620173564
-0.16913627013593985	-0.19688311216381144
-0.16746165359994045	-0.19773759284881529
-0.1658036174256836	-0.19858971792194957
-0.16416199745117188	-0.19943886999815194
-0.16253663113977415	-0.200284409770774
-0.16092735756413282	-0.20112583645927903
-0.1593340173902305	-0.20196261105462335
-0.15775645286161435	-0.20279404610879564
-0.15619450778377658	-0.20361951647504212
-0.1546480275086897	-0.2044384325222655
-0.15311685891949475	-0.20525014015017232
-0.15160085041534133	-0.20605384712172112
-0.15009985189637756	-0.2068488085258355
-0.14861371474888868	-0.20763419672429573
-0.14714229183058286	-0.20840907645108758
-0.14568543745602264	-0.20917243189800805
-0.14424300738220064	-0.20992322189314794
-0.14281485879425806	-0.2106602964348639
-0.1414008502913446	-0.21138235463530933
-0.14000084187261844	-0.21208800373529998
-0.1386146949233846	-0.2127757281352478
-0.1372422722013709	-0.21344387235935713
-0.1358834378231395	-0.21409053612478945
-0.13453805725063317	-0.21471372021944055
-0.13320599727785462	-0.2153111243015008
-0.13188712601767785	-0.21588018294429945
-0.13058131288878996	-0.21641799881468626
-0.12928842860276235	-0.2169213074523168
-0.12800834515124984	-0.21738637720413823
-0.12674093579331666	-0.21780910806907447
-0.12548607504288778	-0.21818495892346418
-0.12424363865632453	-0.21850959569713208
-0.1230135036201233	-0.21878029189263942
-0.12179554813873593	-0.21899907442546276
-0.12058965162251081	-0.21918047061987228
-0.11939569467575328	-0.21935799128880912
-0.11821355908490425	-0.21957655791874126
-0.11704312780683589	-0.2198648049379479
-0.11588428495726326	-0.22022095999156727
-0.11473691579927055	-0.2206270627430595
-0.11360090673195104	-0.22106394655507325
-0.11247614527915945	-0.2215165217757935
-0.11136252007837569	-0.2219738414898388
-0.1102599208696789	-0.22242796383852692
-0.1091682384848306	-0.22287294173956146
-0.10808736483646593	-0.22330454812348893
-0.107017192907392	-0.2237192212956752
-0.10595761673999209	-0.22411399822709938
-0.10490853142573474	-0.22448644988686864
-0.10386983309478687	-0.2248346469344493
-0.10284141890572956	-0.22515671575758414
-0.10182318703537581	-0.22545102542554424
-0.10081503666868892	-0.2257161502197611
-0.0998168679888009	-0.2259507148379684
-0.09882858216712961	-0.22615368321877
-0.09785008135359367	-0.2263239033356559
-0.09688126866692442	-0.22646055668203732
-0.09592204818507369	-0.2265630404652096
-0.09497232493571653	-0.22663094759866714
-0.09403200488684804	-0.22666422146913373
-0.09310099493747331	-0.22666324293544104
-0.09217920290838942	-0.22662887079733854
-0.09126653753305883	-0.22656261124449445
-0.0903629084485731	-0.22646675719468384
-0.08946822618670604	-0.22634445628987948
-0.08858240216505549	-0.22619979220752678
-0.08770534867827276	-0.22603774509838997
-0.08683697888937897	-0.22586419915958628
-0.0859772068211673	-0.22568537065489025
-0.0851259473476904	-0.22550794921558448
-0.08428311618583208	-0.2253377930084771
-0.08344862988696246	-0.22518016451957557
-0.08262240582867571	-0.22503900664541515
-0.08180436220660961	-0.22491684300658965
-0.08099441802634615	-0.22481475773030446
-0.08019249309539223	-0.22473266237552234
-0.07939850801523983	-0.22466946653945452
-0.07861238417350479	-0.22462342767789534
-0.07783404373614335	-0.22459251214335568
-0.07706340963974588	-0.22457442399106084
-0.07630040558390681	-0.22456692501610456
-0.07554495602367012	-0.2245678177600792
-0.07479698616204962	-0.22457510314870238
-0.07405642194262338	-0.2245869393251253
-0.07332319004220136	-0.2246016997377788
-0.07259721786356571	-0.2246179251402452
-0.07187843352828288	-0.2246343853032339
-0.071166765869587	-0.22464990143017594
-0.07046214442533368	-0.2246637266403881
-0.06976449943102345	-0.2246749773265081
-0.0690737618128945	-0.22468304470943545
-0.06838986318108366	-0.224687294961018
-0.0677127358228551	-0.22468742565264932
-0.06704231269589614	-0.22468306578075192
-0.06637852742167935	-0.22467398164988533
-0.06572131427889044	-0.22465999793658498
-0.06507060819692123	-0.2246409724601025
-0.06442634474942696	-0.22461694189280113
-0.06378846014794749	-0.22458785014683746
-0.06315689123559158	-0.22455375574308442
-0.06253157548078374	-0.22451468843644282
-0.06191245097107301	-0.2244709412329341
-0.061299456407002975	-0.22442244752321094
-0.06069253109604255	-0.22436947139391036
-0.060091614946576784	-0.22431216761197836
-0.05949664846195721	-0.22425071750475803
-0.0589075727346111	-0.22418531028482902
-0.05832432944020901	-0.2241161048373585
-0.05774686083189011	-0.22404330214912108
-0.05717510973454466	-0.22396709922159036
-0.05660901953915313	-0.22388762644715238
-0.05604853419718132	-0.22380504335648327
-0.055493598215031005	-0.22371948813488712
-0.05494415664854555	-0.2236310839239744
-0.054400155097569854	-0.22353992425326938
-0.05386153970056421	-0.22344611561908756
-0.05332825712927149	-0.2233497132292228
-0.05280025458343712	-0.22325078884532745
-0.05227747978558131	-0.22314932815757654
-0.051759880975823076	-0.22304541633546798
-0.05124740690675552	-0.2229390331461967
-0.0507400068383718	-0.22283019208091134
-0.05023763053304139	-0.22271887540355628
-0.04974022825053603	-0.2226050666908571
-0.04924775074310497	-0.2224887636122339
-0.04876014925059898	-0.2223699645927611
-0.04827737549564256	-0.22224856057934278
-0.04779938167885402	-0.22212463107840774
-0.04732612047411289	-0.2219981271995709
-0.046857545023874146	-0.22186903889610193
-0.04639360893452886	-0.22173736888054746
-0.04593426627181075	-0.22160313105985152
-0.04547947155624826	-0.2214663434680419
-0.04502917975866164	-0.221327044803029
-0.044583346295704596	-0.22118527437109153
-0.04414192702545009	-0.22104109324481802
-0.04370487824301989	-0.2208945726762046
-0.04327215667625732	-0.22074578120387606
-0.04284371948144289	-0.22059482870538538
-0.04241952423905236	-0.22044181899785728
-0.041999528949556796	-0.22028687851919782
-0.04158369202926415	-0.22013012640861288
-0.04117197230620213	-0.21997171425171042
-0.04076432901604171	-0.21981177461962437
-0.0403607217980611	-0.21965048532419654
-0.039961110691149604	-0.21948800476916885
-0.039565456129851094	-0.21932450070371354
-0.03917371894044663	-0.2191601465977124
-0.038785860337075866	-0.21899514087519506
-0.038401841917896896	-0.21882960395175322
-0.03802162566128406	-0.21866377244015867
-0.03764517392206342	-0.21849783190754135
-0.03727244942778557	-0.21833193185038108
-0.03690341527503522	-0.21816624717544503
-0.036538034925777445	-0.21800094782363247
-0.03617627220374004	-0.21783619667905846
-0.03581809129083172	-0.21767216295668607
-0.035463456723595764	-0.2175089737226119
-0.035112333389698776	-0.21734679350738212
-0.03476468652445423	-0.21718574302479646
-0.03442048170738043	-0.21702593312252572
-0.0340796848587925	-0.21686749286256202
-0.03374226223642822	-0.21671051339074487
-0.033408180432107144	-0.21655508999761258
-0.033077406368422914	-0.21640129274559633
-0.03274990729546823	-0.21624920023531077
-0.032425650787592304	-0.21609884650046318
-0.0321046047401904	-0.2159503004417767
-0.031786737366525146	-0.21580358996104695
-0.03147201719457935	-0.21565873049018225
-0.031160413063939952	-0.2155157350018484
-0.030851894122712824	-0.21537462307826316
-0.030546429824468143	-0.21523536955100914
-0.030243989925215983	-0.21509796442975362
-0.029944544480411863	-0.21496238862979308
-0.029648063841991944	-0.21482861020419677
-0.02935451865543757	-0.2146965798249887
-0.02906387985686888	-0.21456625713014177
-0.028776118670167206	-0.21443760305692938
-0.028491206604125945	-0.21431054670022998
-0.02820911544962965	-0.21418502935452588
-0.02792981727686104	-0.21406099481056656
-0.027653284432535685	-0.21393836953048684
-0.027379489537164042	-0.2138170769590222
-0.027108405482340635	-0.21369706334013602
-0.026840005428060035	-0.21357822739472712
-0.02657426280005944	-0.213460533964164
-0.026311151287187563	-0.21334387430759724
-0.026050644838799566	-0.21322822341527164
-0.025792717662177788	-0.2131134464042368
-0.025537344219978008	-0.21299952782997741
-0.025284499227701	-0.2128863905572888
-0.025034157651189107	-0.21277397254802208
-0.02478629470414763	-0.21266221656345172
-0.02454088584569072	-0.2125510767953026
-0.024297906777911604	-0.21244050902007225
-0.024057333443476835	-0.21233046975157305
-0.02381914202324439	-0.21222093186480837
-0.023583308933905336	-0.21211185541030808
-0.023349810825648847	-0.21200322671839075
-0.023118624579850342	-0.2118950382977114
-0.022889727306782518	-0.21178726830186495
-0.022663096343349027	-0.21167992463883747
-0.02243870925084062	-0.2115729993996205
-0.022216543812713485	-0.2114665057727959
-0.02199657803238959	-0.2113604452703003
-0.021778790131078803	-0.21125485785951065
-0.021563158545622577	-0.21114973654005764
-0.02134966192635899	-0.21104511540289234
-0.0211382791350089	-0.21094101281317632
-0.020928989242583067	-0.21083747451846588
-0.020721771527309966	-0.2107344968122704
-0.020516605472584125	-0.21063211054761505
-0.020313470764934775	-0.2105303558263041
-0.02011234729201463	-0.21042923539890296
-0.019913215140608544	-0.2103287628839452
-0.019716054594661924	-0.2102289713118605
-0.019520846133328638	-0.21012985097180734
-0.019327570429038255	-0.21003141402460312
-0.01913620834558243	-0.2099336526729853
-0.018946740936220226	-0.20983656111015608
-0.018759149441802205	-0.20974012306614087
-0.018573415288913073	-0.20964432548064033
-0.018389520088032747	-0.2095491325946661
-0.018207445631715592	-0.20945451298125656
-0.018027173892787716	-0.20936043233262322
-0.017848687022562093	-0.20926685392844216
-0.01767196734907138	-0.20917372105045834
-0.017496997375318197	-0.20908099037887787
-0.017323759777542767	-0.2089886086841405
-0.01715223740350769	-0.20889652450337043
-0.016982413270799693	-0.20880468614240938
-0.016814270565148212	-0.20871303994156754
-0.016647792638760605	-0.20862154004307892
-0.016482963008673867	-0.208530136148546
-0.01631976535512264	-0.20843878895089668
-0.016158183519923406	-0.20834746933052023
-0.01599820150487466	-0.20825615686360224
-0.01583980347017293	-0.20816480962572625
-0.015682973732844486	-0.20807342184584138
-0.015527696765192561	-0.20798202026049267
-0.01537395719325996	-0.20789058227847373
-0.015221739795306891	-0.20779916686758348
-0.015071029500303852	-0.2077077759355936
-0.014921811386439457	-0.20761647717536633
-0.014774070679643026	-0.20752531293170556
-0.014627792752121808	-0.20743437507438123
-0.01448296312091268	-0.20734372796069614
-0.014339567446448199	-0.20725347435717145
-0.01419759153113683	-0.20716370935831518
-0.014057021317957257	-0.20707456744834468
-0.013917842889066591	-0.20698615359763847
-0.013780042464422368	-0.20689861253305153
-0.013643606400418186	-0.20681206849143918
-0.013508521188532857	-0.20672664989670275
-0.013374773453992928	-0.2066425190589665
-0.013242349954448443	-0.2065598154753884
-0.013111237578661825	-0.2064786907486269
-0.012981423345209728	-0.2063992744658109
-0.01285289440119775	-0.20632171576270086
-0.012725638020987872	-0.20624615372357438
-0.012599641604938486	-0.20617269588895237
-0.012474892678156917	-0.2061014934362726
-0.012351378889264275	-0.20603265374778595
-0.012229088009172549	-0.20596627137958806
-0.01210800792987381	-0.20590243247894388
-0.011988126663241396	-0.20584122578968847
-0.011869432339842965	-0.2057827184140467
-0.011751913207765313	-0.20572697797881115
-0.011635557631450804	-0.20567403564937092
-0.01152035409054535	-0.20562392956606237
-0.011406291178757773	-0.20557666726360388
-0.011293357602730468	-0.20553224923694563
-0.011181542180921256	-0.2054906847041438
-0.011070833842496294	-0.20545195066769645
-0.010961221626233954	-0.20541600257228043
-0.010852694679439558	-0.20538280949504623
-0.01074524225687085	-0.20535231516393895
-0.010638853719674109	-0.2053244461129712
-0.0105335185343308	-0.20529914849305628
-0.010429226271614654	-0.20527634026231695
-0.010325966605559064	-0.20525594047903806
-0.010223729312434716	-0.2052378353301499
-0.010122504269737343	-0.20522196007867838
-0.010022281455185487	-0.2052082077442223
-0.009923050945728205	-0.20519647091710097
-0.00982480291656258	-0.20518665334953165
-0.00972752764016097	-0.20517863590091784
-0.009631215485307891	-0.2051723231546297
-0.009535856916146427	-0.2051675868882379
-0.009441442491234086	-0.20516436311041197
-0.009347962862608005	-0.2051625153030468
-0.00925540877485941	-0.20516193755307977
-0.009163771064217239	-0.20516252189654938
-0.00907304065764083	-0.2051641948403378
-0.008983208571921614	-0.20516684009470387
-0.008894265912793678	-0.20517036435193894
-0.008806203874053146	-0.20517467719811017
-0.008719013736686283	-0.20517968899010255
-0.00863268686800622	-0.2051853099622823
-0.008547214720798236	-0.2051914656456621
-0.008462588832473502	-0.2051980744665669
-0.008378800824231189	-0.20520506675071756
-0.0082958424002289	-0.2052123692306541
-0.008213705346761286	-0.20521991698848752
-0.008132381531446818	-0.2052276527037953
-0.008051862902422591	-0.20523551891633102
-0.00797214148754712	-0.20524346842381253
-0.007893209393611008	-0.20525145567514697
-0.007815058805555454	-0.20525944354146455
-0.007737681985698469	-0.20526738242466597
-0.007661071272968781	-0.20527526349501715
-0.007585219082147308	-0.2052830492184878
-0.007510117903116146	-0.20529072417375505
-0.007435760300114997	-0.20529826772904095
-0.0073621389110049475	-0.2053056926639019
-0.007289246446539552	-0.20531296919817954
-0.00721707568964312	-0.2053201138463907
-0.007145619494696159	-0.2053271344457533
-0.00707487078682788	-0.20533402959760585
-0.007004822561215723	-0.20534081540433585
-0.006935467882391805	-0.20534752198973805
-0.006866799883556243	-0.20535417330864655
-0.00679881176589727	-0.20536078511711403
-0.006731496797918089	-0.2053673929741368
-0.006664848314770385	-0.20537403180324248
-0.006598859717594441	-0.20538074443081358
-0.006533524472865783	-0.20538756823550186
-0.006468836111748299	-0.20539453801934815
-0.006404788229453761	-0.2054017118287308
-0.006341374484607684	-0.20540914809198163
-0.006278588598621469	-0.20541686003541562
-0.006216424355070762	-0.2054249265270132
-0.0061548755990799625	-0.2054334130980844
-0.006093936236712834	-0.2054423528157168
-0.006033600234369142	-0.2054518355901801
-0.005973861618187269	-0.20546190525886543
-0.005914714473452742	-0.2054726117405901
-0.005856152944012616	-0.20548405708791584
-0.00579817123169566	-0.20549626066932414
-0.005740763595738277	-0.2055093258513629
-0.005683924352216116	-0.20552330703691812
-0.005627647873481302	-0.20553828503087623
-0.0055719285876052495	-0.20555432884042846
-0.00551676097782698	-0.20557151210650104
-0.005462139582006911	-0.20558990600395596
-0.005408058992086051	-0.2056095999872355
-0.005354513853550545	-0.2056306311702873
-0.00530149886490153	-0.20565310520123442
-0.005249008777130228	-0.20567709932750383
-0.005197038393198245	-0.20570266355231637
-0.005145582567523015	-0.2057298667194491
-0.005094636205468331	-0.20575880308282654
-0.005044194262839932	-0.20578951651911354
-0.004994251745386071	-0.20582209260796586
-0.004944803708303041	-0.20585655922651364
-0.004895845255745585	-0.20589298974629994
-0.004847371540342163	-0.20593142476743048
-0.004799377762715013	-0.20597193152486323
-0.004751859171004963	-0.20601453801258549
-0.004704811060400954	-0.206059288322664
-0.0046582287726742114	-0.2061061950504025
-0.004612107695717041	-0.20615529827363505
-0.0045664432630861795	-0.20620661647011407
-0.004521230953550673	-0.20626015206286274
-0.00447646629064423	-0.2063159149795837
-0.00443214484222201	-0.2063739118741469
-0.004388262220021792	-0.20643413328204852
-0.004344814079229497	-0.20649656798951807
-0.004301796118049006	-0.20656118835992787
-0.004259204077276244	-0.20662797723260745
-0.004217033739877469	-0.20669692040198384
-0.0041752809305717516	-0.20676797944694655
-0.004133941515417576	-0.20684110004516423
-0.00409301140140354	-0.20691625499631155
-0.004052486536043109	-0.20699340231299426
-0.004012362906973375	-0.20707248561589703
-0.003972636541557797	-0.20715345859149475
-0.0039333035064928685	-0.20723626023823788
-0.0038943599074186814	-0.20732085266940548
-0.003855801888533348	-0.2074071539434403
-0.0038176256322112355	-0.20749511408431745
-0.0037798273586249855	-0.2075846688128693
-0.003742403325371273	-0.20767576256069822
-0.0037053498271002704	-0.20776832433927162
-0.0036686631951487825	-0.20786225826881738
-0.0036323397971770124	-0.20795752146749438
-0.003596376036808923	-0.20805405104718233
-0.0035607683532761615	-0.2081517529737463
-0.0035255132210655063	-0.20825053637484156
-0.003490607149569808	-0.20835037019695876
-0.0034560466827423843	-0.20845111508108835
-0.003421828398754836	-0.20855274648653876
-0.0033879489096582537	-0.2086551214106873
-0.0033544048610477757	-0.2087581537350105
-0.003321192931730471	-0.20886176499457182
-0.003288309833396506	-0.20896585351071442
-0.00325575231029357	-0.20907032006382148
-0.003223517138904525	-0.2091750127146718
-0.0031916011276282427	-0.20927985894529064
-0.0031600011164636065	-0.2093847181372076
-0.00312871397669664	-0.20948946158357604
-0.0030977366105907327	-0.20959394110399712
-0.0030670659510799335	-0.20969806113711262
-0.0030366989614652807	-0.2098016730072034
-0.003006632635114139	-0.2099046196850374
-0.002976863995162514	-0.21000674962026286
-0.002947390094220311	-0.21010788617743525
-0.002918208014079516	-0.21020792627496826
-0.002889314865425263	-0.2103066281195832
-0.0028607077875497655	-0.21040386831139427
-0.0028323839480690746	-0.21049947717705136
-0.002804340542642648	-0.2105932528805015
-0.002776574794695691	-0.2106850234827001
-0.0027490839551442487	-0.210774602509257
-0.0027218653021230184	-0.2108618148801846
-0.00269491614071586	-0.21094646929175814
-0.0026682338026889703	-0.21102833725266393
-0.0026418156462267033	-0.21110726085334752
-0.002615659055670003	-0.21118303383018122
-0.002589761441257429	-0.21125545038947027
-0.0025641202388687417	-0.21132430277574146
-0.0025387329097710312	-0.21138938572672988
-0.0025135969403673577	-0.2114505337576797
-0.002488709841947879	-0.21150749305661518
-0.0024640691504434447	-0.2115601105771934
-0.0024396724261816286	-0.21160818019690275
-0.0024155172536451767	-0.2116514882649553
-0.002391601241232848	-0.21168988446648393
-0.0023679220210226217	-0.21172307335635498
-0.002344477248537249	-0.21175098532365025
-0.002321264602512128	-0.21177347867205346
-0.002298281784665473	-0.2117902089286237
-0.0022755265194707654	-0.2118011924452463
-0.002252996553931451	-0.21180623095302334
-0.0022306896573578722	-0.2118051969471931
-0.002208603621146408	-0.21179795926567696
-0.0021867362585608003	-0.21178445049559247
-0.002165085404515644	-0.21176454605905648
-0.0021436489153620238	-0.2117382121299348
-0.002122424668675271	-0.21170538439267922
-0.0021014105630448227	-0.2116660690329616
-0.002080604517866161	-0.21162022455849377
-0.002060004473134813	-0.21156789189352243
-0.002039608389242389	-0.21150916506497988
-0.002019414246774642	-0.21144406019626508
-0.0019994200463115267	-0.2113727450854605
-0.001979623808229234	-0.21129524871274266
-0.0019600235725041925	-0.2112118181714793
-0.0019406173985190025	-0.21112260717401382
-0.0019214033648702995	-0.21102781874735901
-0.0019023795691785143	-0.21092772636050283
-0.0018835441278995191	-0.21082255984127798
-0.0018648951761381378	-0.2107126197786287
-0.0018464308674635028	-0.21059826305017265
-0.0018281493737262403	-0.21047982350779057
-0.0018100488848774657	-0.21035764198074777
-0.0017921276087895699	-0.2102321040385233
-0.001774383771078782	-0.21010365113303486
-0.0017568156149294872	-0.2099727141848097
-0.0017394214009202843	-0.20983962744491647
-0.0017221994068517667	-0.2097050460980344
-0.0017051479275760066	-0.20956931369927878
-0.0016882652748277294	-0.20943295533377124
-0.0016715497770571578	-0.20929647505511162
-0.0016549997792645126	-0.20916039441185205
-0.001638613642836151	-0.20902524324882912
-0.0016223897453823276	-0.20889144059333584
-0.001606326480576562	-0.20875977259354042
-0.001590422257996596	-0.20863066238557063
-0.0015746755029669268	-0.2085044284188609
-0.0015590846564028978	-0.20838196506823473
-0.0015436481746563344	-0.20826368810818954
-0.0015283645293627073	-0.2081501766427183
-0.0015132322072898092	-0.2080419862733742
-0.0014982497101879298	-0.20793969598220174
-0.0014834155546415147	-0.20784382041109264
-0.0014687282719222916	-0.20775492394917894
-0.001454186407843853	-0.20767356014256785
-0.0014397885226176761	-0.2076002727817933
-0.0014255331907105705	-0.2075355958251699
-0.001411419000703535	-0.20747995352093285
-0.001397444555152015	-0.20743400156170672
-0.0013836084704475396	-0.20739795946846945
-0.0013699093766807323	-0.20737246838802295
-0.0013563459175056755	-0.20735778076457814
-0.0013429167500056192	-0.20735443281855018
-0.001329620544560019	-0.20736264161541984
-0.00131645598471289	-0.20738273462631515
-0.0013034217670424653	-0.20741493898619223
-0.0012905166010321438	-0.20745938197702224
-0.0012777392089427166	-0.20751625114683506
-0.001265088325685858	-0.2075855556359535
-0.0012525626986988692	-0.20766733609263802
-0.0012401610878206625	-0.207761452323687
-0.0012278822651689727	-0.20786778238879514
-0.0012157250150187848	-0.20798610817761376
-0.001203688133681965	-0.20811605914167758
-0.0011917704293880843	-0.2082572912899973
-0.00117997072216642	-0.2084092829272334
-0.0011682878437291287	-0.20857146793675038
-0.001156720637355573	-0.20874323984674006
-0.001145267957777795	-0.2089238427342541
-0.0011339286710671237	-0.20911247615349562
-0.0011227016545219046	-0.20930824783486357
-0.001111585796556341	-0.20951017998889201
-0.0011005799965904367	-0.20971724768190647
-0.0010896831649410265	-0.20992861590674702
-0.0010788942227138876	-0.21014250556932768
-0.0010682121016969185	-0.2103581983963786
-0.0010576357442543748	-0.2105745206036216
-0.0010471641032221532	-0.21078992666764526
-0.001036796141804112	-0.21100322796694898
-0.001026530833469418	-0.2112130812571108
-0.0010163671618509088	-0.21141817320428796
-0.0010063041206444642	-0.21161710610285167
-0.0009963407135093706	-0.21180862781900284
-0.0009864759539696738	-0.21199140007191167
-0.0009767088653165087	-0.21216413331879697
-0.0009670384805113948	-0.2123255964785241
-0.0009574638420904899	-0.21247462089217153
-0.000947984002069792	-0.21261000236702293
-0.0009385980218512792	-0.21273082908660124
-0.0009293049721299793	-0.21283592643424445
-0.0009201039328019597	-0.2129243642710342
-0.0009109939928732275	-0.21299559428305873
-0.0009019742503695321	-0.21304871349012774
-0.0008930438122470615	-0.21308311983823075
-0.0008842017943040214	-0.2130983206604229
-0.0008754473210930905	-0.21309403240022218
-0.0008667795258347431	-0.21306958268611442
-0.0008581975503314288	-0.21302602432671514
-0.0008497005448826027	-0.2129624220149654
-0.0008412876682005968	-0.21287922666480963
-0.0008329580873273235	-0.21277700901150676
-0.0008247109775518054	-0.212656276681268
-0.0008165455223285202	-0.2125178386061342
-0.0008084609131965546	-0.2123626805889759
-0.000800456349699559	-0.21219205771204416
-0.000792531039306494	-0.21200737921354823
-0.0007846841973331624	-0.2118103519611571
-0.0007769150468645172	-0.2116029307037922
-0.0007692228186777398	-0.2113873261883466
-0.0007616067511660791	-0.21116603049540753
-0.0007540660902634446	-0.21094180130147938
-0.0007466000893697471	-0.21071767082172838
-0.0007392080092769773	-0.2104969376674965
-0.0007318891180960171	-0.2102831227182568
-0.0007246426911841754	-0.21007997086569946
-0.000717468011073441	-0.20989138395879828
-0.0007103643673994465	-0.20972136368957342
-0.0007033310568311351	-0.20957396118716498
-0.0006963673830011239	-0.2094531755876618
-0.0006894726564367563	-0.20936287122163283
-0.0006826461944918379	-0.2093067025364532
-0.0006758873212790473	-0.20928794386495816
-0.0006691953676030172	-0.2093094651692923
-0.0006625696708940764	-0.2093736125097646
-0.0006560095751426499	-0.2094820492549136
-0.0006495144308343068	-0.20963579802791513
-0.0006430835948854523	-0.20983538175673502
-0.0006367164305796558	-0.21008022539802257
-0.0006304123075046097	-0.21036944757685758
-0.0006241706014897126	-0.21070101964250262
-0.0006179906945442699	-0.21107283355425788
-0.0006118719747963068	-0.2114819588902167
-0.0006058138364319869	-0.21192497233556257
-0.0005998156796356306	-0.2123983989130311
-0.0005938769105303274	-0.21289834114440373
-0.000587996941119136	-0.21342074159489488
-0.0005821751892268673	-0.21396250318686452
-0.000576411078442443	-0.21451787963379165
-0.0005707040380618247	-0.21508388262321987
-0.0005650535030315096	-0.21565831492282048
-0.0005594589138925838	-0.21623614759267273
-0.0005539197167253305	-0.21681483964547693
-0.0005484353630943866	-0.21739158161559993
-0.0005430053099944422	-0.2179637624714975
-0.0005376290197964774	-0.21852916337462125
-0.000532305960194532	-0.21908576713131778
-0.000527035604153002	-0.21963174964425292
-0.0005218174298544574	-0.22016601261036414
-0.0005166509206479777	-0.22068681849364755
-0.0005115355649979977	-0.2211932982257419
-0.0005064708564336612	-0.22168454655751094
-0.0005014562934986744	-0.22215981661075568
-0.0004964913797016579	-0.22261853053594702
-0.000491575623466988	-0.22306027179404714
-0.0004867085380861267	-0.22348460643272655
-0.00048188964166943237	-0.22389141287573924
-0.0004771184570984479	-0.22428043635275546
-0.0004723945119786613	-0.22465162755338042
-0.00046771733859273396	-0.22500507579406068
-0.00046308647385419203	-0.22534073039138525
-0.00045850145926157624	-0.2256587911549852
-0.0004539618408530458	-0.22595943109660663
-0.00044946716916143144	-0.22624288765628187
-0.0004450169991697341	-0.22650950407388246
-0.0004406108902670635	-0.2267594047222341
-0.00043624840620501334	-0.22699321889838106
-0.00043192911505446867	-0.2272114152700479
-0.00042765258916284025	-0.22741418513515665
-0.00042341840511172303	-0.22760214632777695
-0.0004192261436749733	-0.22777580701019887
-0.0004150753897772013	-0.22793575407896335
-0.00041096573245267453	-0.22808254174726103
-0.0004068967648046282	-0.22821672653705297
-0.00040286808396497844	-0.22833899558231258
-0.00039887929105443407	-0.22844996045491364
-0.000394929991143004	-0.2285502082798146
-0.00039101979321089507	-0.22864044834508337
-0.0003871483101097971	-0.22872121972094206
-0.00038331515852455157	-0.2287931461242183
-0.00037951995893519957	-0.22885684656847038
-0.0003757623355794055	-0.22891288172671626
-0.00037204191641525297	-0.22896185079230374
-0.00036835833308440885	-0.22900382168958075
-0.00036471122087565233	-0.2290405273261483
-0.0003611002186887647	-0.2290711639861334
-0.0003575249689987769	-0.22909668655594026
-0.0003539851178205712	-0.22911734656091534
-0.00035048031467383285	-0.22913365153041973
-0.00034701021254834934	-0.2291457849827657
-0.0003435744678696528	-0.22915401592363072
-0.0003401727404650028	-0.22915855706775984
-0.00033680469352970573	-0.2291597875297373
-0.00033346999359376805	-0.22915767713978402
-0.0003301683104888793	-0.22915246522107155
-0.00032689931731572205	-0.22914485065693896
-0.000323662690411606	-0.2291329380350994
-0.00032045810931842175	-0.22911881006040058
-0.0003172852567509126	-0.22910181446423267
-0.00031414381856526	-0.2290819035752003
-0.0003110334837279802	-0.2290591467116467
-0.0003079539442851289	-0.2290335534821268
-0.0003049048953318108	-0.22900519878717393
-0.0003018860349819909	-0.22897375593633093
-0.0002988970643386049	-0.22893949865732582
-0.0002959376874639652	-0.2289021970209855
-0.0002930076113504606	-0.22886223894551377
-0.0002901065458915452	-0.228819227966252
-0.000287234203853015	-0.22877328566961966
-0.00028439030084456934	-0.2287244758337391
-0.0002815745552916528	-0.22867279165430152
-0.00027878668840757703	-0.22861831192378534
-0.00027602642416591785	-0.22856108451689747
-0.00027329348927318596	-0.22850116789905978
-0.0002705876131417683	-0.2284387156337028
-0.0002679085278631369	-0.2283737271972015
-0.0002652559681813237	-0.2283064884172764
-0.00026262967146665713	-0.22823701781146621
-0.0002600293776897595	-0.22816545124533777
-0.0002574548293958015	-0.22809196408168983
-0.00025490577167901137	-0.22801671485547406
-0.00025238195215743697	-0.2279398428831882
-0.0002498831209479574	-0.22786159922558397
-0.00024740903064154196	-0.22778209436398517
-0.00024495943627875444	-0.22770150668327604
-0.00024253409532549945	-0.2276200446481288
-0.00024013276764900935	-0.22753785922651
-0.00023775521549406866	-0.22745509847863957
-0.00023540120345947392	-0.22737193117607726
-0.00023307049847472665	-0.22728853735183854
-0.00023076286977695708	-0.22720504588646231
-0.00022847808888807632	-0.22712163575960015
-0.00022621592959215476	-0.227038393261942
-0.00022397616791302452	-0.22695538224090528
-0.00022175858209210348	-0.22687290997048212
-0.00021956295256643908	-0.22679089253542417
-0.00021738906194696938	-0.2267095744305074
-0.00021523669499699937	-0.22662892222930128
-0.00021310563861089046	-0.2265489825407631
-0.00021099568179296086	-0.2264699198522314
-0.0002089066156365949	-0.22639176047793352
-0.0002068382333035593	-0.2263145284333593
-0.00020479033000352404	-0.2262382916126774
-0.0002027627029737862	-0.22616304025129214
-0.00020075515145919425	-0.2260888626806996
-0.00019876747669227154	-0.22601572793617442
-0.0001967994818735362	-0.2259436880124481
-0.00019485097215201603	-0.22587268169083582
-0.00019292175460595645	-0.22580277962131695
-0.00019101163822371925	-0.22573395019995826
-0.00018912043388487056	-0.2256661346550575
-0.000187247954341456	-0.22559956787230712
-0.00018539401419946137	-0.2255339542923671
-0.0001835584299004568	-0.22546938213992715
-0.00018174101970342256	-0.22540585221411008
-0.00017994160366675502	-0.22534334732912864
-0.0001781600036304505	-0.22528184558919181
-0.00017639604319846585	-0.2252213294932745
-0.0001746495477212533	-0.22516178070946477
-0.00017292034427846863	-0.22510318212207495
-0.00017120826166185012	-0.22504551062929556
-0.00016951313035826744	-0.2249887496608755
-0.00016783478253293806	-0.22493287963144704
-0.00016617305201280995	-0.22487788104727363
-0.00016452777427010886	-0.2248237347533021
-0.00016289878640604838	-0.22477042259676405
-0.00016128592713470137	-0.22471792380115344
-0.00015968903676703107	-0.22466622235667544
-0.00015810795719508027	-0.22461529971646244
-0.0001565425318763171	-0.22456515870437796
-0.00015499260581813574	-0.22451572128516678
-0.00015345802556251064	-0.22446703253566264
-0.0001519386391708026	-0.22441905596159964
-0.00015043429620871545	-0.22437177579544845
-0.00014894484773140144	-0.22432517707730765
-0.00014747014626871429	-0.2242792451578869
-0.0001460100458106082	-0.22423396581830063
-0.0001445644017926814	-0.22418932562319055
-0.00014313307108186277	-0.22414531118098935
-0.00014171591196224036	-0.22410191070639968
-0.00014031278412103006	-0.22405911033609116
-0.00013892354863468323	-0.22401689821625434
-0.0001375480679551319	-0.22397526270515974
-0.0001361862058961702	-0.22393419253932104
-0.0001348378276199705	-0.22389367680533603
-0.00013350279962373316	-0.22385370491570197
-0.00013218098972646848	-0.22381426657228595
-0.00013087226705590937	-0.22377535185652078
-0.00012957650203555384	-0.22373695103238178
-0.0001282935663718355	-0.22369905477903337
-0.0001270233330414213	-0.22366165391486256
-0.00012576567627863494	-0.2236247395831371
-0.00012452047156300488	-0.22358830316284023
-0.00012328759560693552	-0.22355233626827278
-0.00012206692634350052	-0.22351683065074818
-0.00012085834291435694	-0.22348177828270652
-0.00011966172565777915	-0.22344717163690828
-0.00011847695609681104	-0.22341300321825594
-0.00011730391692753567	-0.22337926376788783
-0.00011614249200746106	-0.22334594993006146
-0.00011499256634402085	-0.2233130667444822
-0.00011385402608318895	-0.22328057955050157
-0.00011272675849820689	-0.2232485087166237
-0.00011161065197842266	-0.22321682165410853
-0.00011050559601824026	-0.22318552509180264
-0.00010941148120617847	-0.22315461285921792
-0.0001083281992140381	-0.22312407893247885
-0.00010725564278617634	-0.2230939166982967
-0.00010619370572888746	-0.22306412183842672
-0.00010514228289988856	-0.22303468800642592
-0.00010410127019790947	-0.22300560970979866
-0.00010307056455238561	-0.22297688156455617
-0.00010205006391325308	-0.22294849830166777
-0.00010103966724084463	-0.22292045582710796
-0.00010003927449588577	-0.22289274701066825
-9.904878662958988e-5	-0.2228653679825383
-9.806810557385136e-5	-0.2228383135326822
-9.7097134231536e-5	-0.2228115797052499
-9.613577646686732e-5	-0.2227851615131798
-9.518393709590824e-5	-0.22275905444182267
-9.424152187713686e-5	-0.222733254071788
-9.330843750211571e-5	-0.22270775607844528
-9.238459158625317e-5	-0.22268255627054553
-9.14698926596566e-5	-0.22265765051751524
-9.056425015807585e-5	-0.222633034797369
-8.966757441393648e-5	-0.22260870520483733
-8.877977664746186e-5	-0.2225846579236819
-8.790076895788303e-5	-0.22256088924626738
-8.703046431473567e-5	-0.22253739558458407
-8.616877654924324e-5	-0.22251417348653618
-8.531562034578538e-5	-0.22249121960525353
-8.447091123345087e-5	-0.22246853072633804
-8.363456557767414e-5	-0.2224461037910402
-8.28065005719546e-5	-0.22242393591936524
-8.1986634229658e-5	-0.22240202438317
-8.117488537589901e-5	-0.22238036666662042
-8.037117363950397e-5	-0.22235896047815196
-7.957541944505343e-5	-0.222337803752582
-7.87875440050034e-5	-0.22231689472277194
-7.800746931188456e-5	-0.22229623192821216
-7.723511813057878e-5	-0.22227581423296508
-7.647041399067206e-5	-0.22225564092859412
-7.571328117888322e-5	-0.22223571173232493
-7.496364473156754e-5	-0.22221602687266054
-7.422143042729459e-5	-0.22219658716914736
-7.34865647794996e-5	-0.22217739402502323
-7.275897502920752e-5	-0.22215844963660664
-7.203858913782922e-5	-0.2221397569590849
-7.132533578002893e-5	-0.22212131988904907
-7.06191443366623e-5	-0.22210314332716852
-6.991994488778445e-5	-0.2220852333273676
-6.922766820572718e-5	-0.22206759720064403
-6.854224574824473e-5	-0.22205024366931728
-6.786360965172745e-5	-0.22203318301170827
-6.719169272448262e-5	-0.22201642722281112
-6.65264284400818e-5	-0.22199999018324637
-6.586775093077406e-5	-0.22198388783796677
-6.521559498096442e-5	-0.22196813838289686
-6.456989602075684e-5	-0.2219527624560201
-6.393059011956123e-5	-0.22193778333882652
-6.32976139797636e-5	-0.22192322715638185
-6.267090493045901e-5	-0.22190912307916139
-6.205040092124655e-5	-0.22189550352557696
-6.14360405160857e-5	-0.22188240435758627
-6.0827762887213564e-5	-0.22186986506691195
-6.022550780912234e-5	-0.22185792895218348
-5.9629215652596374e-5	-0.22184664327796833
-5.903882737880829e-5	-0.22183605940838635
-5.845428453347355e-5	-0.2218262329228692
-5.787552924106292e-5	-0.2218172236884471
-5.73025041990722e-5	-0.2218091026700706
-5.673515267234871e-5	-0.22180192488032077
-5.6173418487473976e-5	-0.22179576988988228
-5.5617246027201954e-5	-0.22179071467769831
-5.506658022495243e-5	-0.2217868402596635
-5.4521366559358844e-5	-0.22178423133980307
-5.398155104887014e-5	-0.22178297617590487
-5.3447080246406076e-5	-0.2217831660684737
-5.291790123406542e-5	-0.22178489495746842
-5.2393961617886554e-5	-0.22178825886076406
-5.187520952265995e-5	-0.22179335516935916
-5.136159358679203e-5	-0.2218002822473229
-5.085306295721983e-5	-0.22180913806269523
-5.034956728437607e-5	-0.2218200198513759
-4.9851056717204034e-5	-0.2218330228601284
-4.9357481898221816e-5	-0.2218482393455967
-4.8868793958635463e-5	-0.2218657574831585
-4.838494451350046e-5	-0.2218856601571719
-4.790588565693115e-5	-0.2219080237622945
-4.7431569957357576e-5	-0.22193291679524377
-4.696195045282928e-5	-0.22196039875583976
-4.649698064636562e-5	-0.22199051846710424
-4.60366145013521e-5	-0.22202331309103998
-4.558080643698228e-5	-0.2220588065373664
-4.512951132374483e-5	-0.2220970082565505
-4.4682684478955276e-5	-0.22213791179838457
-4.424028166233196e-5	-0.22218149410990368
-4.3802259071615796e-5	-0.22222771354542964
-4.336857333823346e-5	-0.2222765098103567
-4.2939181523003426e-5	-0.22232780241431974
-4.251404111188458e-5	-0.2223814901507871
-4.209311001176691e-5	-0.2224374504836792
-4.167634654630387e-5	-0.22249553919464493
-4.126370945178601e-5	-0.2225555897493379
-4.085515787305546e-5	-0.22261741421167858
-4.045065135946085e-5	-0.22268080236225893
-4.005014986085232e-5	-0.22274552299457687
-3.965361372361616e-5	-0.22281132416482655
-3.926100368674867e-5	-0.22287793436025324
-3.887228087796898e-5	-0.2229450632539941
-3.8487406809870274e-5	-0.2230124062826628
-3.810634337610918e-5	-0.2230796329511256
-3.772905284763285e-5	-0.22314641563091184
-3.7355497868943416e-5	-0.22321240483581947
-3.698564145439942e-5	-0.22327724126045376
-3.6619446984553886e-5	-0.22334056369281993
-3.62568782025286e-5	-0.22340200445946726
-3.5897899210424354e-5	-0.22346119532363223
-3.554247446576669e-5	-0.223517772319631
-3.519056877798682e-5	-0.2235713681866223
-3.484214730493744e-5	-0.22362163132133495
-3.449717554944301e-5	-0.22366821849970453
-3.4155619355884166e-5	-0.22371080034980173
-3.3817444906816004e-5	-0.22374906379497891
-3.3482618719619805e-5	-0.22378271624742713
-3.3151107643187924e-5	-0.22381148687348174
-3.2822878854641506e-5	-0.22383513204506245
-3.24978998560807e-5	-0.2238534341391052
-3.217613847136703e-5	-0.22386620473676572
-3.185756284293765e-5	-0.22387329136932074
-3.154214142865114e-5	-0.2238745735590874
-3.1229842998664495e-5	-0.22386996709591478
-3.0920636632341085e-5	-0.22385942601624442
-3.061449171518919e-5	-0.22384293708788777
-3.0311377935830884e-5	-0.22382053559336762
-3.0011265283000873e-5	-0.2237922875102095
-2.971412404257512e-5	-0.2237583034285269
-2.9419924794628833e-5	-0.22371873237098744
-2.9128638410523596e-5	-0.22367374738533116
-2.884023605002336e-5	-0.223623575475301
-2.8554689158438973e-5	-0.2235684783011083
-2.8271969463800962e-5	-0.22350872018999737
-2.7992048974060358e-5	-0.22344463044542245
-2.7714899974317186e-5	-0.22337655051098046
-2.7440495024076423e-5	-0.2233048430173071
-2.716880695453111e-5	-0.2232298674741874
-2.6899808865872388e-5	-0.22315203178197135
-2.6633474124626127e-5	-0.2230717762119219
-2.6369776361015966e-5	-0.22298946794266847
-2.610868946635244e-5	-0.22290554218715106
-2.585018759044796e-5	-0.2228203712723983
-2.5594245139057388e-5	-0.22273442238554841
-2.5340836771343948e-5	-0.22264809105446698
-2.5089937397370247e-5	-0.2225617762130863
-2.4841522175614107e-5	-0.22247574145218607
-2.4595566510509016e-5	-0.2223904527260573
-2.4352046050008926e-5	-0.22230621816850257
-2.4110936683177153e-5	-0.2222231907671952
-2.387221453779916e-5	-0.22214187042721512
-2.363585597801897e-5	-0.22206234619021062
-2.3401837601998982e-5	-0.22198491865001677
-2.3170136239602953e-5	-0.22190985635308533
-2.2940728950101934e-5	-0.2218371901984511
-2.2713593019902906e-5	-0.221766997149953
-2.2488705960299908e-5	-0.22169964237761214
-2.2266045505247435e-5	-0.22163483563980602
-2.2045589609155875e-5	-0.22157312990220418
-2.1827316444708788e-5	-0.22151408785752433
-2.161120440070177e-5	-0.22145798317458615
-2.1397232079902746e-5	-0.22140462085218165
-2.1185378296933412e-5	-0.2213540569712666
-2.0975622076171694e-5	-0.22130662803648443
-2.0767942649674944e-5	-0.22126162232512536
-2.0562319455123708e-5	-0.221219458337398
-2.035873213378585e-5	-0.22117985094864867
-2.015716052850084e-5	-0.22114280009069315
-1.9957584681683998e-5	-0.2211080418624269
-1.9759984833350492e-5	-0.22107551661888122
-1.9564341419158903e-5	-0.2210455117377229
-1.937063506847416e-5	-0.22101753507338223
-1.9178846602449662e-5	-0.2209911372210053
-1.898895703212838e-5	-0.22096727768114946
-1.880094755656275e-5	-0.22094420933332332
-1.8614799560953218e-5	-0.22092339038438372
-1.8430494614805166e-5	-0.22090433968254294
-1.8248014470104123e-5	-0.22088642278240722
-1.8067341059509033e-5	-0.22087002357568675
-1.7888456494563398e-5	-0.22085487499840137
-1.7711343063924155e-5	-0.22084059268176984
-1.7535983231608074e-5	-0.22082744326031434
-1.736235963525552e-5	-0.22081510344357475
-1.7190455084411405e-5	-0.22080495241670706
-1.7020252558823172e-5	-0.22079290810516664
-1.6851735206755615e-5	-0.22078339226052882
-1.668488634332239e-5	-0.22077438064667199
-1.651968944883405e-5	-0.22076646870142455
-1.6356128167162427e-5	-0.22075839157165922
-1.6194186304121217e-5	-0.22075102641267572
-1.603384782586259e-5	-0.22074267524036173
-1.5875096857289692e-5	-0.22073720127363217
-1.5717917680484844e-5	-0.22073185883994909
-1.556229473315331e-5	-0.22072470457082236
-1.5408212607082485e-5	-0.22071995026191865
-1.5255656046616321e-5	-0.2207135709593313
-1.5104609947144871e-5	-0.22070900994368325
-1.4955059353608784e-5	-0.2207046052711371
-1.4806989459018598e-5	-0.22070094405071458
-1.4660385602988711e-5	-0.22069577323662176
-1.4515233270285853e-5	-0.22069080359956625
-1.4371518089391934e-5	-0.22068875202706964
-1.4229225831081122e-5	-0.22068275310153737
-1.4088342407011012e-5	-0.22067833057258396
-1.3948853868327734e-5	-0.22067679698110124
-1.3810746404284886e-5	-0.22067072016894684
-1.3674006340876124e-5	-0.22066922389786112
-1.3538620139481311e-5	-0.22066389593471206
-1.340457439552605e-5	-0.22066167189652744
-1.3271855837154506e-5	-0.22065749141862287
-1.3140451323915353e-5	-0.22065235669039324
-1.3010347845460746e-5	-0.2206522258948326
-1.2881532520258164e-5	-0.22064650970100655
-1.2753992594315014e-5	-0.2206414703670795
-1.2627715439915855e-5	-0.22064314623060624
-1.2502688554372134e-5	-0.22063927308529763
-1.2378899558784291e-5	-0.22063482235084825
-1.225633619681613e-5	-0.22062757984007753
-1.2134986333481316e-5	-0.22062973918947257
-1.2014837953941897e-5	-0.220624719419454
-1.189587916231871e-5	-0.22062267713159125
-1.1778098180513573e-5	-0.22062175809877715
-1.1661483347043141e-5	-0.22062106073763507
-1.1546023115884297e-5	-0.22061822362047825
-1.1431706055330988e-5	-0.22061240117991412
-1.1318520846862365e-5	-0.2206114428537738
-1.1206456284022143e-5	-0.22060464070018096
-1.1095501271309053e-5	-0.22060266943347415
-1.098564482307827e-5	-0.2206021656143734
-1.0876876062453733e-5	-0.2206037665376148
-1.076918422025122e-5	-0.22059532572655147
-1.0662558633912099e-5	-0.22059167013293
-1.0556988746447623e-5	-0.22059432751426336
-1.0452464105393686e-5	-0.22058862172621244
-1.0348974361775926e-5	-0.2205892126827146
-1.0246509269085075e-5	-0.220582139477083
-1.0145058682262451e-5	-0.22057878106465276
-1.0044612556695496e-5	-0.22057258450634526
1.0044612556695496e-5	-0.22008667494581421
1.0145058682262451e-5	-0.2200881001614535
1.0246509269085075e-5	-0.2200866417285146
1.0348974361775926e-5	-0.22007615535801753
1.0452464105393686e-5	-0.2200709032668853
1.0556988746447623e-5	-0.22007805322583432
1.0662558633912099e-5	-0.22008261359519446
1.076918422025122e-5	-0.2200749865621136
1.0876876062453733e-5	-0.2200725677499756
1.098564482307827e-5	-0.2200659174871977
1.1095501271309053e-5	-0.22006684185266034
1.1206456284022143e-5	-0.22006373404633855
1.1318520846862365e-5	-0.2200597856858995
1.1431706055330988e-5	-0.22006067380120095
1.1546023115884297e-5	-0.22005596227882787
1.1661483347043141e-5	-0.2200584102163164
1.1778098180513573e-5	-0.22005356062020268
1.189587916231871e-5	-0.22004887416740332
1.2014837953941897e-5	-0.22005077092970204
1.2134986333481316e-5	-0.22004504825099208
1.225633619681613e-5	-0.22004111938386237
1.2378899558784291e-5	-0.22003798405616867
1.2502688554372134e-5	-0.22003654723869726
1.2627715439915855e-5	-0.2200306552952849
1.2753992594315014e-5	-0.22003436098753634
1.2881532520258164e-5	-0.22002559043412034
1.3010347845460746e-5	-0.22002509165487946
1.3140451323915353e-5	-0.2200217248079949
1.3271855837154506e-5	-0.2200176802267417
1.340457439552605e-5	-0.22001341621722814
1.3538620139481311e-5	-0.22001096362597938
1.3674006340876124e-5	-0.2200078946069815
1.3810746404284886e-5	-0.22000720329064125
1.3948853868327734e-5	-0.2200036456179649
1.4088342407011012e-5	-0.2199989930891329
1.4229225831081122e-5	-0.21999623734455162
1.4371518089391934e-5	-0.2199924619433271
1.4515233270285853e-5	-0.21999031232489355
1.4660385602988711e-5	-0.21998674931719336
1.4806989459018598e-5	-0.21998407060134156
1.4955059353608784e-5	-0.21998117422440028
1.5104609947144871e-5	-0.21997667397540535
1.5255656046616321e-5	-0.21997125545806473
1.5408212607082485e-5	-0.21996879333937938
1.556229473315331e-5	-0.21996638456480166
1.5717917680484844e-5	-0.21996239877005858
1.5875096857289692e-5	-0.21995967902014732
1.603384782586259e-5	-0.2199548996395677
1.6194186304121217e-5	-0.21995058488319766
1.6356128167162427e-5	-0.21994717942380237
1.651968944883405e-5	-0.21994362675288512
1.668488634332239e-5	-0.2199399289262378
1.6851735206755615e-5	-0.21993633691542724
1.7020252558823172e-5	-0.21993199682421966
1.7190455084411405e-5	-0.21992853728340223
1.736235963525552e-5	-0.21992407058043806
1.7535983231608074e-5	-0.21991959379847692
1.7711343063924155e-5	-0.21991645604431603
1.7888456494563398e-5	-0.2199124126031666
1.8067341059509033e-5	-0.2199081171276628
1.8248014470104123e-5	-0.21990445065863515
1.8430494614805166e-5	-0.21989983317982284
1.8614799560953218e-5	-0.2198963375897906
1.880094755656275e-5	-0.21989162782293747
1.898895703212838e-5	-0.2198869772112108
1.9178846602449662e-5	-0.21988273749256412
1.937063506847416e-5	-0.21987863482154266
1.9564341419158903e-5	-0.21987412594185832
1.9759984833350492e-5	-0.21986949195307093
1.9957584681683998e-5	-0.21986513314037345
2.015716052850084e-5	-0.21986063293796784
2.035873213378585e-5	-0.21985601527708343
2.0562319455123708e-5	-0.21985118025540296
2.0767942649674944e-5	-0.21984686323950797
2.0975622076171694e-5	-0.2198420689540658
2.1185378296933412e-5	-0.21983729316520567
2.1397232079902746e-5	-0.21983224410895646
2.161120440070177e-5	-0.21982766413205274
2.1827316444708788e-5	-0.2198225507230832
2.2045589609155875e-5	-0.2198176699499141
2.2266045505247435e-5	-0.21981264795409883
2.2488705960299908e-5	-0.2198077148158283
2.2713593019902906e-5	-0.2198026776662728
2.2940728950101934e-5	-0.21979734367129736
2.3170136239602953e-5	-0.2197922635319742
2.3401837601998982e-5	-0.21978696414485316
2.363585597801897e-5	-0.21978164792301197
2.387221453779916e-5	-0.21977626050647542
2.4110936683177153e-5	-0.21977083652367518
2.4352046050008926e-5	-0.21976544154239533
2.4595566510509016e-5	-0.21975990965162706
2.4841522175614107e-5	-0.21975433378403983
2.5089937397370247e-5	-0.21974875381686304
2.5340836771343948e-5	-0.21974307371887636
2.5594245139057388e-5	-0.219737340113451
2.585018759044796e-5	-0.21973153759865646
2.610868946635244e-5	-0.2197256904261686
2.6369776361015966e-5	-0.2197198235892525
2.6633474124626127e-5	-0.21971386722019087
2.6899808865872388e-5	-0.21970786130486358
2.716880695453111e-5	-0.21970178745998425
2.7440495024076423e-5	-0.2196956517855729
2.7714899974317186e-5	-0.21968946809155318
2.7992048974060358e-5	-0.21968322266801268
2.8271969463800962e-5	-0.21967691978217724
2.8554689158438973e-5	-0.21967054704063174
2.884023605002336e-5	-0.21966411641652142
2.9128638410523596e-5	-0.21965762107828088
2.9419924794628833e-5	-0.21965106826834274
2.971412404257512e-5	-0.21964444820810794
3.0011265283000873e-5	-0.2196377683211994
3.0311377935830884e-5	-0.21963101782862696
3.061449171518919e-5	-0.21962420738202867
3.0920636632341085e-5	-0.21961732943517914
3.1229842998664495e-5	-0.21961038369054653
3.154214142865114e-5	-0.21960337104586145
3.185756284293765e-5	-0.21959629196474742
3.217613847136703e-5	-0.2195891450275878
3.24978998560807e-5	-0.21958192739985016
3.2822878854641506e-5	-0.21957464173603006
3.3151107643187924e-5	-0.21956728589187546
3.3482618719619805e-5	-0.21955985795895963
3.3817444906816004e-5	-0.2195523586518063
3.4155619355884166e-5	-0.21954478724691068
3.449717554944301e-5	-0.21953714298859942
3.484214730493744e-5	-0.2195294252552138
3.519056877798682e-5	-0.21952163323808166
3.554247446576669e-5	-0.21951376622003385
3.5897899210424354e-5	-0.21950582356966172
3.62568782025286e-5	-0.21949780456943563
3.6619446984553886e-5	-0.21948970823875602
3.698564145439942e-5	-0.2194815344201047
3.7355497868943416e-5	-0.2194732821172941
3.772905284763285e-5	-0.21946495060612822
3.810634337610918e-5	-0.21945653915989688
3.8487406809870274e-5	-0.21944804703023138
3.887228087796898e-5	-0.21943947348851103
3.926100368674867e-5	-0.21943081778129972
3.965361372361616e-5	-0.21942207915438972
4.005014986085232e-5	-0.21941325684729915
4.045065135946085e-5	-0.21940435009331083
4.085515787305546e-5	-0.21939535811942665
4.126370945178601e-5	-0.21938628014630557
4.167634654630387e-5	-0.21937711538819765
4.209311001176691e-5	-0.21936786305287403
4.251404111188458e-5	-0.21935852234155398
4.2939181523003426e-5	-0.21934909244882866
4.336857333823346e-5	-0.21933957256258385
4.3802259071615796e-5	-0.21932996186392004
4.424028166233196e-5	-0.21932025952706954
4.4682684478955276e-5	-0.21931046471931434
4.512951132374483e-5	-0.2193005766008967
4.558080643698228e-5	-0.21929059432489936
4.60366145013521e-5	-0.2192805170343294
4.649698064636562e-5	-0.21927034387768085
4.696195045282928e-5	-0.219260073975606
4.7431569957357576e-5	-0.21924970645590847
4.790588565693115e-5	-0.21923924043485424
4.838494451350046e-5	-0.21922867502118065
4.8868793958635463e-5	-0.2192180093159693
4.9357481898221816e-5	-0.21920724241256748
4.9851056717204034e-5	-0.21919637339651918
5.034956728437607e-5	-0.21918540134549946
5.085306295721983e-5	-0.21917432532925235
5.136159358679203e-5	-0.21916314440953308
5.187520952265995e-5	-0.2191518576413384
5.2393961617886554e-5	-0.21914046406773285
5.291790123406542e-5	-0.21912896272761961
5.3447080246406076e-5	-0.21911735265118001
5.398155104887014e-5	-0.21910563285402798
5.4521366559358844e-5	-0.21909380235663664
5.506658022495243e-5	-0.21908186015951037
5.5617246027201954e-5	-0.21906980525905664
5.6173418487473976e-5	-0.219057636642967
5.673515267234871e-5	-0.21904535329045735
5.73025041990722e-5	-0.21903295416838084
5.787552924106292e-5	-0.21902043824855896
5.845428453347355e-5	-0.21900780447719065
5.903882737880829e-5	-0.21899505180103135
5.9629215652596374e-5	-0.21898217915660761
6.022550780912234e-5	-0.21896918547180644
6.0827762887213564e-5	-0.21895606966676068
6.14360405160857e-5	-0.21894283064961584
6.205040092124655e-5	-0.21892946732300714
6.267090493045901e-5	-0.21891597857982564
6.32976139797636e-5	-0.2189023633039677
6.393059011956123e-5	-0.2188886203704322
6.456989602075684e-5	-0.21887474864523732
6.521559498096442e-5	-0.21886074698566133
6.586775093077406e-5	-0.21884661423922933
6.65264284400818e-5	-0.21883234924490783
6.719169272448262e-5	-0.21881795083280506
6.786360965172745e-5	-0.2188034178229148
6.854224574824473e-5	-0.21878874902705586
6.922766820572718e-5	-0.2187739432457759
6.991994488778445e-5	-0.2187589992721628
7.06191443366623e-5	-0.2187439158916376
7.132533578002893e-5	-0.21872869186972155
7.203858913782922e-5	-0.21871332597849674
7.275897502920752e-5	-0.218697816977176
7.34865647794996e-5	-0.2186821635856901
7.422143042729459e-5	-0.21866636455833932
7.496364473156754e-5	-0.21865041863019744
7.571328117888322e-5	-0.21863432448671108
7.647041399067206e-5	-0.21861808085605047
7.723511813057878e-5	-0.21860168641730462
7.800746931188456e-5	-0.2185851398708682
7.87875440050034e-5	-0.21856843987154068
7.957541944505343e-5	-0.21855158509094114
8.037117363950397e-5	-0.21853457418714234
8.117488537589901e-5	-0.21851740579094572
8.1986634229658e-5	-0.21850007855828613
8.28065005719546e-5	-0.21848259108475604
8.363456557767414e-5	-0.21846493701836409
8.447091123345087e-5	-0.21844711993085952
8.531562034578538e-5	-0.2184291433754582
8.616877654924324e-5	-0.2184110009791037
8.703046431473567e-5	-0.2183926912830352
8.790076895788303e-5	-0.21837421286046452
8.877977664746186e-5	-0.21835556425226774
8.966757441393648e-5	-0.2183367439907908
9.056425015807585e-5	-0.21831775059386702
9.14698926596566e-5	-0.2182985825641024
9.238459158625317e-5	-0.21827923841754815
9.330843750211571e-5	-0.2182597166266933
9.424152187713686e-5	-0.21824001567611043
9.518393709590824e-5	-0.21822013402719373
9.613577646686732e-5	-0.2182000701245503
9.7097134231536e-5	-0.21817982241406636
9.806810557385136e-5	-0.21815938932917742
9.904878662958988e-5	-0.21813876926787384
0.00010003927449588577	-0.21811796064659233
0.00010103966724084463	-0.2180969618495764
0.00010205006391325308	-0.21807577126160835
0.00010307056455238561	-0.21805438723932125
0.00010410127019790947	-0.21803280813909237
0.00010514228289988856	-0.21801103229611438
0.00010619370572888746	-0.21798905804689298
0.00010725564278617634	-0.21796688370481945
0.0001083281992140381	-0.21794450756378417
0.00010941148120617847	-0.2179219279189636
0.00011050559601824026	-0.21789914304018052
0.00011161065197842266	-0.21787615118998996
0.00011272675849820689	-0.21785295061596902
0.00011385402608318895	-0.21782953955379142
0.00011499256634402085	-0.21780591622777828
0.00011614249200746106	-0.21778207883678982
0.00011730391692753567	-0.2177580255824471
0.00011847695609681104	-0.21773375466629044
0.00011966172565777915	-0.21770926419879297
0.00012085834291435694	-0.2176845523615962
0.00012206692634350052	-0.2176596172907464
0.00012328759560693552	-0.2176344571033625
0.00012452047156300488	-0.2176090699110724
0.00012576567627863494	-0.2175834538076612
0.0001270233330414213	-0.21755760687060496
0.0001282935663718355	-0.21753152715769303
0.00012957650203555384	-0.2175052127228971
0.00013087226705590937	-0.21747866159839738
0.00013218098972646848	-0.21745187180107423
0.00013350279962373316	-0.21742484133289997
0.0001348378276199705	-0.21739756817884529
0.0001361862058961702	-0.21737005031159198
0.0001375480679551319	-0.21734228568757716
0.00013892354863468323	-0.21731427224387304
0.00014031278412103006	-0.21728600790346475
0.00014171591196224036	-0.2172574905753164
0.00014313307108186277	-0.21722871814892664
0.0001445644017926814	-0.2171996885001155
0.0001460100458106082	-0.2171703994862607
0.00014747014626871429	-0.2171408489489189
0.00014894484773140144	-0.21711103471359933
0.00015043429620871545	-0.21708095458904011
0.0001519386391708026	-0.2170506063671536
0.00015345802556251064	-0.21701998782340268
0.00015499260581813574	-0.21698909671666383
0.0001565425318763171	-0.2169579307892536
0.00015810795719508027	-0.21692648776706588
0.00015968903676703107	-0.21689476535966332
0.00016128592713470137	-0.2168627612604539
0.00016289878640604838	-0.21683047314689255
0.00016452777427010886	-0.21679789868075833
0.00016617305201280995	-0.21676503548289722
0.00016783478253293806	-0.21673188123445983
0.00016951313035826744	-0.21669843352804002
0.00017120826166185012	-0.21666468996658036
0.00017292034427846863	-0.2166306481396714
0.0001746495477212533	-0.2165963056242669
0.00017639604319846585	-0.2165616599854924
0.0001781600036304505	-0.2165267087775591
0.00017994160366675502	-0.21649144954478217
0.00018174101970342256	-0.21645587982271408
0.0001835584299004568	-0.21641999713938714
0.00018539401419946137	-0.2163837990041275
0.000187247954341456	-0.2163472781983383
0.00018912043388487056	-0.21631044174462452
0.00019101163822371925	-0.21627328239552587
0.00019292175460595645	-0.21623579766415396
0.00019485097215201603	-0.2161979850659127
0.0001967994818735362	-0.21615984212464195
0.00019876747669227154	-0.2161213663579135
0.00020075515145919425	-0.21608255530419526
0.0002027627029737862	-0.21604340650817258
0.00020479033000352404	-0.2160039175269769
0.0002068382333035593	-0.2159640859321719
0.0002089066156365949	-0.2159239093116362
0.00021099568179296086	-0.2158833852712964
0.00021310563861089046	-0.21584251113816505
0.00021523669499699937	-0.2158012851559288
0.00021738906194696938	-0.21575970468559685
0.00021956295256643908	-0.2157177674369494
0.00022175858209210348	-0.21567547112053437
0.00022397616791302452	-0.2156328134545634
0.00022621592959215476	-0.21558979220368424
0.00022847808888807632	-0.21554640514339024
0.00023076286977695708	-0.2155026500659873
0.00023307049847472665	-0.21545852477744448
0.00023540120345947392	-0.21541402709298677
0.00023775521549406866	-0.21536915483206542
0.00024013276764900935	-0.21532390581210745
0.00024253409532549945	-0.21527827784124248
0.00024495943627875444	-0.2152322687099842
0.00024740903064154196	-0.21518587618137483
0.0002498831209479574	-0.21513909798089206
0.00025238195215743697	-0.21509193178408076
0.00025490577167901137	-0.21504437520385142
0.0002574548293958015	-0.2149964257764256
0.0002600293776897595	-0.21494808094651896
0.00026262967146665713	-0.214899338050508
0.0002652559681813237	-0.2148501943014334
0.0002679085278631369	-0.2148006467159083
0.0002705876131417683	-0.21475069231007127
0.00027329348927318596	-0.21470032776703998
0.00027602642416591785	-0.2146495496234199
0.00027878668840757703	-0.2145983545981616
0.0002815745552916528	-0.21454673792604365
0.00028439030084456934	-0.21449469613498442
0.000287234203853015	-0.21444222511593572
0.0002901065458915452	-0.2143893197013727
0.0002930076113504606	-0.21433597490553208
0.0002959376874639652	-0.21428218544344743
0.0002988970643386049	-0.21422794544705523
0.0003018860349819909	-0.21417324956325864
0.0003049048953318108	-0.21411809127703804
0.0003079539442851289	-0.21406246377422433
0.0003110334837279802	-0.21400636086142716
0.00031414381856526	-0.21394977471039667
0.0003172852567509126	-0.21389269799171337
0.00032045810931842175	-0.21383512290007534
0.000323662690411606	-0.21377704132280795
0.00032689931731572205	-0.2137184449066297
0.0003301683104888793	-0.2136593250268548
0.00033346999359376805	-0.21359967285867054
0.00033680469352970573	-0.21353947936652307
0.0003401727404650028	-0.2134787353463413
0.0003435744678696528	-0.21341743149731737
0.00034701021254834934	-0.21335555831114592
0.00035048031467383285	-0.2132931063593734
0.0003539851178205712	-0.21323006604080053
0.0003575249689987769	-0.21316642789171222
0.0003611002186887647	-0.21310218235840292
0.00036471122087565233	-0.21303732006915058
0.00036835833308440885	-0.2129718316390856
0.00037204191641525297	-0.21290570801008574
0.0003757623355794055	-0.21283894000525005
0.00037951995893519957	-0.21277151889843662
0.00038331515852455157	-0.21270343422558738
0.0003871483101097971	-0.21263468122404866
0.00039101979321089507	-0.21256524990131312
0.000394929991143004	-0.21249513425129696
0.00039887929105443407	-0.21242432273108747
0.00040286808396497844	-0.21235280989151728
0.0004068967648046282	-0.21228058837725147
0.00041096573245267453	-0.21220765327872393
0.0004150753897772013	-0.21213398958316118
0.0004192261436749733	-0.21205960672472873
0.00042341840511172303	-0.2119844777671081
0.00042765258916284025	-0.21190861313920112
0.00043192911505446867	-0.21183199378483886
0.00043624840620501334	-0.21175462141917983
0.0004406108902670635	-0.21167648908890535
0.0004450169991697341	-0.2115975835109732
0.00044946716916143144	-0.2115179047426352
0.0004539618408530458	-0.21143743883158492
0.00045850145926157624	-0.2113561809049166
0.00046308647385419203	-0.21127409904806357
0.00046771733859273396	-0.2111912539797413
0.0004723945119786613	-0.21110754811407578
0.0004771184570984479	-0.2110230452523002
0.00048188964166943237	-0.2109376905374062
0.0004867085380861267	-0.21085147880145932
0.000491575623466988	-0.21076440245814487
0.0004964913797016579	-0.21067644277043676
0.0005014562934986744	-0.21058758162159874
0.0005064708564336612	-0.21049782824489907
0.0005115355649979977	-0.21040713738572228
0.0005166509206479777	-0.21031550738844695
0.0005218174298544574	-0.21022288415298557
0.000527035604153002	-0.21012930391752685
0.000532305960194532	-0.2100347139967116
0.0005376290197964774	-0.20993911507256827
0.0005430053099944422	-0.20984245195322107
0.0005484353630943866	-0.209744759925153
0.0005539197167253305	-0.20964586191590673
0.0005594589138925838	-0.20954593344018282
0.0005650535030315096	-0.20944483862129207
0.0005707040380618247	-0.2093425755403801
0.000576411078442443	-0.20923912430301414
0.0005821751892268673	-0.20913444026621916
0.000587996941119136	-0.20902853642848737
0.0005938769105303274	-0.2089213870193358
0.0005998156796356306	-0.20881293948797455
0.0006058138364319869	-0.20870318056133869
0.0006118719747963068	-0.20859213237533583
0.0006179906945442699	-0.208479739606926
0.0006241706014897126	-0.20836600246091538
0.0006304123075046097	-0.20825091035829368
0.0006367164305796558	-0.208134460166046
0.0006430835948854523	-0.2080166444877987
0.0006495144308343068	-0.20789746364558215
0.0006560095751426499	-0.20777692720488625
0.0006625696708940764	-0.20765503876577804
0.0006691953676030172	-0.20753182285517907
0.0006758873212790473	-0.2074072711252419
0.0006826461944918379	-0.20728141821903795
0.0006894726564367563	-0.20715431569677684
0.0006963673830011239	-0.2070259661915172
0.0007033310568311351	-0.20689641586347593
0.0007103643673994465	-0.20676570622118506
0.000717468011073441	-0.2066338841473897
0.0007246426911841754	-0.20650102725824554
0.0007318891180960171	-0.20636714585551566
0.0007392080092769773	-0.20623234954369837
0.0007466000893697471	-0.20609665496820648
0.0007540660902634446	-0.20596018785098802
0.0007616067511660791	-0.20582296886030127
0.0007692228186777398	-0.20568512968035657
0.0007769150468645172	-0.20554670042474305
0.0007846841973331624	-0.20540776379217082
0.000792531039306494	-0.20526842062205622
0.000800456349699559	-0.20512875393593646
0.0008084609131965546	-0.20498884875205262
0.0008165455223285202	-0.2048487619452758
0.0008247109775518054	-0.20470855688862077
0.0008329580873273235	-0.20456839218162506
0.0008412876682005968	-0.20442826664324798
0.0008497005448826027	-0.20428824988195773
0.0008581975503314288	-0.2041484509038122
0.0008667795258347431	-0.2040088696279704
0.0008754473210930905	-0.2038696088715086
0.0008842017943040214	-0.20373071658535366
0.0008930438122470615	-0.20359216207657263
0.0009019742503695321	-0.20345405307410622
0.0009109939928732275	-0.2033163653689636
0.0009201039328019597	-0.20317912607827077
0.0009293049721299793	-0.20304233060805588
0.0009385980218512792	-0.20290597666815957
0.000947984002069792	-0.20277002925970822
0.0009574638420904899	-0.2026345087907185
0.0009670384805113948	-0.2024993321555796
0.0009767088653165087	-0.20236445821392293
0.0009864759539696738	-0.2022298525284736
0.0009963407135093706	-0.20209541652766755
0.0010063041206444642	-0.20196109710757695
0.0010163671618509088	-0.2018268019507346
0.001026530833469418	-0.2016924322663397
0.001036796141804112	-0.2015578869376748
0.0010471641032221532	-0.2014230802466321
0.0010576357442543748	-0.20128787684828334
0.0010682121016969185	-0.20115212979897895
0.0010788942227138876	-0.20101577525886316
0.0010896831649410265	-0.2008786130526533
0.0011005799965904367	-0.2007405587370324
0.001111585796556341	-0.20060144487806697
0.0011227016545219046	-0.2004611554101358
0.0011339286710671237	-0.20031954003727928
0.001145267957777795	-0.20017647988053563
0.001156720637355573	-0.20003177043787182
0.0011682878437291287	-0.1998853650001604
0.00117997072216642	-0.19973705472691955
0.0011917704293880843	-0.19958672371010572
0.001203688133681965	-0.19943428910393504
0.0012157250150187848	-0.19927957841087493
0.0012278822651689727	-0.19912247581515896
0.0012401610878206625	-0.1989629059904883
0.0012525626986988692	-0.19880073735924572
0.001265088325685858	-0.1986358726368228
0.0012777392089427166	-0.1984682208946325
0.0012905166010321438	-0.19829769516012571
0.0013034217670424653	-0.19812424695556044
0.00131645598471289	-0.19794777515055048
0.001329620544560019	-0.1977682331938522
0.0013429167500056192	-0.19758556847562575
0.0013563459175056755	-0.19739973559886467
0.0013699093766807323	-0.19721070771290286
0.0013836084704475396	-0.19701845670558418
0.001397444555152015	-0.19682295020747978
0.001411419000703535	-0.19662419290282515
0.0014255331907105705	-0.19642216612787883
0.0014397885226176761	-0.19621687401583993
0.001454186407843853	-0.1960083182027415
0.0014687282719222916	-0.19579652587927104
0.0014834155546415147	-0.19558147532026213
0.0014982497101879298	-0.19536326282943278
0.0015132322072898092	-0.19514184175883215
0.0015283645293627073	-0.19491726438600918
0.0015436481746563344	-0.19468956097451492
0.0015590846564028978	-0.19445875734052245
0.0015746755029669268	-0.1942248964699913
0.001590422257996596	-0.19398800169007116
0.001606326480576562	-0.19374814378970323
0.0016223897453823276	-0.19350529630359092
0.001638613642836151	-0.19325954316753452
0.0016549997792645126	-0.1930109027283652
0.0016715497770571578	-0.19275939936185157
0.0016882652748277294	-0.1925050179407889
0.0017051479275760066	-0.19224786359289092
0.0017221994068517667	-0.19198793148407917
0.0017394214009202843	-0.19172521449765803
0.0017568156149294872	-0.1914597471265243
0.001774383771078782	-0.19119153787786897
0.0017921276087895699	-0.1909205862973338
0.0018100488848774657	-0.19064692770755778
0.0018281493737262403	-0.19037052927525785
0.0018464308674635028	-0.19009140389489482
0.0018648951761381378	-0.18980953566390574
0.0018835441278995191	-0.18952491699434582
0.0019023795691785143	-0.18923754750123423
0.0019214033648702995	-0.1889473835764544
0.0019406173985190025	-0.18865442226477291
0.0019600235725041925	-0.1883586220386375
0.001979623808229234	-0.1880599668573999
0.0019994200463115267	-0.18775841483464556
0.002019414246774642	-0.18745393382983724
0.002039608389242389	-0.18714648074496856
0.002060004473134813	-0.18683602053797466
0.002080604517866161	-0.1865225021216367
0.0021014105630448227	-0.18620588786681938
0.002122424668675271	-0.18588612322573672
0.0021436489153620238	-0.18556315734280165
0.002165085404515644	-0.18523693720981746
0.0021867362585608003	-0.18490741015953732
0.002208603621146408	-0.18457451254768664
0.0022306896573578722	-0.18423819009684722
0.002252996553931451	-0.18389838100230788
0.0022755265194707654	-0.18355502360614093
0.002298281784665473	-0.18320805396239312
0.002321264602512128	-0.18285740508076181
0.002344477248537249	-0.18250301447457007
0.0023679220210226217	-0.1821448128521252
0.002391601241232848	-0.1817827279329093
0.0024155172536451767	-0.1814166970657416
0.0024396724261816286	-0.18104663607328236
0.0024640691504434447	-0.18067248139636444
0.002488709841947879	-0.18029415541028923
0.0025135969403673577	-0.17991158252770706
0.0025387329097710312	-0.17952468573324146
0.0025641202388687417	-0.17913338163884884
0.002589761441257429	-0.1787375950966395
0.002615659055670003	-0.1783372435904149
0.0026418156462267033	-0.17793224089139137
0.0026682338026889703	-0.177522503760553
0.00269491614071586	-0.17710794502879504
0.0027218653021230184	-0.17668847617785133
0.0027490839551442487	-0.17626400774469725
0.002776574794695691	-0.1758344421308836
0.002804340542642648	-0.17539969469189778
0.0028323839480690746	-0.17495966273099808
0.0028607077875497655	-0.17451424967526927
0.002889314865425263	-0.17406336363806357
0.002918208014079516	-0.17360688971167124
0.002947390094220311	-0.17314472363229078
0.002976863995162514	-0.17267676160020645
0.003006632635114139	-0.1722028947661714
0.0030366989614652807	-0.17172301110848884
0.0030670659510799335	-0.17123699603360087
0.0030977366105907327	-0.17074473230451043
0.00312871397669664	-0.1702460999304804
0.0031600011164636065	-0.16974097711285627
0.0031916011276282427	-0.16922923198597517
0.003223517138904525	-0.16871074513731674
0.00325575231029357	-0.16818537788828253
0.003288309833396506	-0.16765299603566974
0.003321192931730471	-0.1671134604676169
0.0033544048610477757	-0.16656662841735873
0.0033879489096582537	-0.16601235328254207
0.003421828398754836	-0.1654504851118816
0.0034560466827423843	-0.16488086832897725
0.003490607149569808	-0.16430334475156802
0.0035255132210655063	-0.16371775094510138
0.0035607683532761615	-0.16312391894798192
0.003596376036808923	-0.1625216762390068
0.0036323397971770124	-0.16191084434183603
0.0036686631951487825	-0.1612912410769691
0.0037053498271002704	-0.1606626761614595
0.003742403325371273	-0.16002495650521417
0.0037798273586249855	-0.1593778812893813
0.0038176256322112355	-0.15872124371580892
0.003855801888533348	-0.1580548303960612
0.0038943599074186814	-0.15737842103418917
0.0039333035064928685	-0.156691788027898
0.003972636541557797	-0.15599469633865687
0.004012362906973375	-0.15528690281544838
0.004052486536043109	-0.15456815602374877
0.00409301140140354	-0.15383819576631913
0.004133941515417576	-0.1530967525722563
0.0041752809305717516	-0.1523435474249097
0.004217033739877469	-0.15157829119261468
0.004259204077276244	-0.15080068381588504
0.004301796118049006	-0.15001041412192603
0.004344814079229497	-0.14920715906645282
0.004388262220021792	-0.14839058276024342
0.00443214484222201	-0.14756033711976035
0.00447646629064423	-0.14671605887945247
0.004521230953550673	-0.14585737070409782
0.0045664432630861795	-0.14498387851560637
0.004612107695717041	-0.14409517733209104
0.0046582287726742114	-0.14319083407748176
0.004704811060400954	-0.14227040491907436
0.004751859171004963	-0.14133342549113637
0.004799377762715013	-0.1403794096806064
0.004847371540342163	-0.13940784850162694
0.004895845255745585	-0.13841820941414198
0.004944803708303041	-0.13740993497120615
0.004994251745386071	-0.13638243989536822
0.005044194262839932	-0.13533511092874892
0.005094636205468331	-0.13426730254916497
0.005145582567523015	-0.1331783367798551
0.005197038393198245	-0.13206749941868473
0.005249008777130228	-0.13093403955302663
0.00530149886490153	-0.1297771601427049
0.005354513853550545	-0.12859602332362471
0.005408058992086051	-0.12738974174486456
0.005462139582006911	-0.12615737480049818
0.00551676097782698	-0.12489792421373
0.0055719285876052495	-0.12361033277024557
0.005627647873481302	-0.12229347024223565
0.005683924352216116	-0.12094613524479299
0.005740763595738277	-0.119567044122325
0.00579817123169566	-0.1181548235544133
0.005856152944012616	-0.1167080014058826
0.005914714473452742	-0.11522499568011689
0.005973861618187269	-0.11370410451085336
0.006033600234369142	-0.11214348943052149
0.006093936236712834	-0.11054116190796164
0.0061548755990799625	-0.1088949641489509
0.006216424355070762	-0.10720254788775792
0.006278588598621469	-0.1054613494787914
0.006341374484607684	-0.10366855902593296
0.006404788229453761	-0.1018210921205325
0.006468836111748299	-0.09991553648613169
0.006533524472865783	-0.09794811305313865
0.006598859717594441	-0.09591461041306756
0.006664848314770385	-0.09381031287795538
0.006731496797918089	-0.09162990811970066
0.00679881176589727	-0.08936737434699611
0.006866799883556243	-0.08701584025013598
0.006935467882391805	-0.08456739487146403
0.007004822561215723	-0.08201286022572113
0.00707487078682788	-0.07934147440559906
0.007145619494696159	-0.07654047553891075
0.00721707568964312	-0.07359453006848646
0.007289246446539552	-0.0704849310307121
0.0073621389110049475	-0.06718844214810009
0.007435760300114997	-0.06367557366842506
0.007510117903116146	-0.05990791104312225
0.007585219082147308	-0.05583376509624471
0.007661071272968781	-0.051380651718536625
0.007737681985698469	-0.04644129864500475
0.007815058805555454	-0.0408444760132074
0.007893209393611008	-0.03428602137836942
0.00797214148754712	-0.026129059063372907
0.008051862902422591	-0.014883136310714024
0.008132381531446818	-0.005929351165176995
0.008213705346761286	-0.0038122758086555817
0.0082958424002289	-0.0029619041257392853
0.008378800824231189	-0.0024808159507025817
0.008462588832473502	-0.002162710490336337
0.008547214720798236	-0.0019329094591709118
0.00863268686800622	-0.001757157330377581
0.008719013736686283	-0.0016172817404540355
0.008806203874053146	-0.0015026405355222712
0.008894265912793678	-0.0014065373660872486
0.008983208571921614	-0.0013245222299964048
0.00907304065764083	-0.0012535079856637352
0.009163771064217239	-0.0011912772552147475
0.00925540877485941	-0.00113619110634694
0.009347962862608005	-0.0010870085726494727
0.009441442491234086	-0.0010427705935689515
0.009535856916146427	-0.001002722795766124
0.009631215485307891	-0.0009662625005495703
0.00972752764016097	-0.0009329017667131603
0.00982480291656258	-0.0009022407047813369
0.009923050945728205	-0.0008739481126607711
0.010022281455185487	-0.0008477469945319523
0.010122504269737343	-0.0008234037235256975
0.010223729312434716	-0.0008007196312885399
0.010325966605559064	-0.0007795246193987521
0.010429226271614654	-0.0007596720613479104
0.0105335185343308	-0.0007410348489789147
0.010638853719674109	-0.0007235021039528729
0.01074524225687085	-0.0007069766842073154
0.010852694679439558	-0.0006913730386810325
0.010961221626233954	-0.0006766155047079669
0.011070833842496294	-0.0006626368794698859
0.011181542180921256	-0.0006493772588623292
0.011293357602730468	-0.0006367830313057408
0.011406291178757773	-0.0006248060654797453
0.01152035409054535	-0.0006134030054895712
0.011635557631450804	-0.0006025346769760396
0.011751913207765313	-0.0005921655779379347
0.011869432339842965	-0.0005822634497556275
0.011988126663241396	-0.0005727988846351549
0.01210800792987381	-0.0005637450207339736
0.012229088009172549	-0.0005550772466544988
0.012351378889264275	-0.0005467729581940866
0.012474892678156917	-0.0005388113419838069
0.012599641604938486	-0.0005311731849824582
0.012725638020987872	-0.0005238407069477873
0.01285289440119775	-0.0005167974138411279
0.012981423345209728	-0.000510027963166927
0.013111237578661825	-0.0005035180492664782
0.013242349954448443	-0.0004972542982231143
0.013374773453992928	-0.0004912241746039064
0.013508521188532857	-0.0004854158975802782
0.013643606400418186	-0.00047981836336714493
0.013780042464422368	-0.0004744210972593911
0.013917842889066591	-0.00046921415432562576
0.014057021317957257	-0.00046418809890632186
0.01419759153113683	-0.000459333946601627
0.014339567446448199	-0.0004546431172850296
0.01448296312091268	-0.00045010739764377776
0.014627792752121808	-0.0004457189035666383
0.014774070679643026	-0.00044147006345617555
0.014921811386439457	-0.0004373535579033484
0.015071029500303852	-0.000433362330494241
0.015221739795306891	-0.0004294895468503428
0.01537395719325996	-0.0004257285795934572
0.015527696765192561	-0.0004220729921569793
0.015682973732844486	-0.0004185165206372812
0.01583980347017293	-0.0004150530787105815
0.01599820150487466	-0.0004116767185621318
0.016158183519923406	-0.0004083816482670536
0.01631976535512264	-0.00040516221433023556
0.016482963008673867	-0.000402012899839049
0.016647792638760605	-0.00039892831666835023
0.016814270565148212	-0.0003959032218112451
0.016982413270799693	-0.0003929324840182397
0.01715223740350769	-0.0003900111148247161
0.017323759777542767	-0.000387134257584181
0.017496997375318197	-0.0003842971888794483
0.01767196734907138	-0.00038149531782117794
0.017848687022562093	-0.00037872422923506397
0.018027173892787716	-0.00037597962053171935
0.018207445631715592	-0.0003732573550022963
0.018389520088032747	-0.0003705534563162657
0.018573415288913073	-0.0003678641103061809
0.018759149441802205	-0.00036518567705094923
0.018946740936220226	-0.00036251469119345233
0.01913620834558243	-0.00035984787130300766
0.019327570429038255	-0.0003571821231893457
0.019520846133328638	-0.0003545145492104667
0.019716054594661924	-0.000351842448707827
0.019913215140608544	-0.0003491633254252432
0.02011234729201463	-0.0003464748916070576
0.020313470764934775	-0.00034377507085994963
0.020516605472584125	-0.00034106200171615884
0.020721771527309966	-0.0003383340394676304
0.020928989242583067	-0.00033558975813971086
0.0211382791350089	-0.00033282794984725885
0.02134966192635899	-0.00033004762653381754
0.021563158545622577	-0.0003272480174250496
0.021778790131078803	-0.00032442856759678205
0.02199657803238959	-0.0003215889334913373
0.022216543812713485	-0.0003187289845294223
0.02243870925084062	-0.0003158487923034795
0.022663096343349027	-0.0003129486264428815
0.022889727306782518	-0.0003100289500848371
0.023118624579850342	-0.00030709041167662523
0.023349810825648847	-0.0003041338370554399
0.023583308933905336	-0.0003011602224811516
0.02381914202324439	-0.00029817071703458606
0.024057333443476835	-0.00029516662924602543
0.024297906777911604	-0.00029214940009480127
0.02454088584569072	-0.00028912060043989124
0.02478629470414763	-0.0002860819181569545
0.025034157651189107	-0.00028303514665126443
0.025284499227701	-0.00027998217384567594
0.025537344219978008	-0.0002769249658168741
0.025792717662177788	-0.0002738655655240297
0.026050644838799566	-0.0002708060689603169
0.026311151287187563	-0.000267748620446009
0.02657426280005944	-0.0002646953992512572
0.026840005428060035	-0.0002616486092861268
0.027108405482340635	-0.000258610467102913
0.027379489537164042	-0.00025558319237051663
0.027653284432535685	-0.00025256899759051063
0.02792981727686104	-0.00024957007900314025
0.02820911544962965	-0.0002465886076030302
0.028491206604125945	-0.00024362672105891244
0.028776118670167206	-0.0002406865162197946
0.02906387985686888	-0.0002377700423053776
0.02935451865543757	-0.0002348792952202911
0.029648063841991944	-0.00023201621061506056
0.029944544480411863	-0.00022918266214658545
0.030243989925215983	-0.0002263804551771065
0.030546429824468143	-0.0002236113244712813
0.030851894122712824	-0.00022087693174895298
0.031160413063939952	-0.0002181788672774803
0.03147201719457935	-0.00021551864155682824
0.031786737366525146	-0.00021289769336966155
0.0321046047401904	-0.00021031738730183994
0.032425650787592304	-0.0002077790128475338
0.03274990729546823	-0.00020528379097291892
0.033077406368422914	-0.0002028328764076165
0.033408180432107144	-0.0002004273585175662
0.03374226223642822	-0.00019806826786705268
0.0340796848587925	-0.00019575658285078825
0.03442048170738043	-0.00019349323350040232
0.03476468652445423	-0.00019127910914072785
0.035112333389698776	-0.00018911506837193022
0.035463456723595764	-0.00018700194068137742
0.03581809129083172	-0.000184940546799759
0.03617627220374004	-0.00018293170148443868
0.036538034925777445	-0.00018097622361826443
0.03690341527503522	-0.0001790749591660079
0.03727244942778557	-0.00017722879056675638
0.03764517392206342	-0.00017543864032973358
0.03802162566128406	-0.00017370550520355699
0.038401841917896896	-0.00017203045836938392
0.038785860337075866	-0.0001704146757641972
0.03917371894044663	-0.00016885946816082932
0.039565456129851094	-0.00016736628894913226
0.039961110691149604	-0.00016593676794421364
0.0403607217980611	-0.00016457273421815528
0.04076432901604171	-0.00016327625550327854
0.04117197230620213	-0.0001620496605059274
0.04158369202926415	-0.00016089558502222943
0.041999528949556796	-0.00015981699991077757
0.04241952423905236	-0.00015881727418484134
0.04284371948144289	-0.0001579002015205937
0.04327215667625732	-0.00015707007742896438
0.04370487824301989	-0.00015633172990020403
0.04414192702545009	-0.0001556906020076701
0.044583346295704596	-0.00015515281951425708
0.04502917975866164	-0.00015472525834646145
0.04547947155624826	-0.00015441564122236796
0.04593426627181075	-0.00015423262199734872
0.04639360893452886	-0.0001541858908467226
0.046857545023874146	-0.00015428628986763004
0.04732612047411289	-0.000154545931420961
0.04779938167885402	-0.0001549783354125839
0.04827737549564256	-0.00015559858892114726
0.04876014925059898	-0.00015642349602726705
0.04924775074310497	-0.00015747177903627232
0.04974022825053603	-0.00015876426192811162
0.05023763053304139	-0.00016032410144460772
0.0507400068383718	-0.00016217703333983496
0.05124740690675552	-0.00016435163250303711
0.051759880975823076	-0.0001668796097030803
0.05227747978558131	-0.00016979615946752995
0.05280025458343712	-0.00017314025168313718
0.05332825712927149	-0.00017695513634520419
0.05386153970056421	-0.00018128865990885897
0.054400155097569854	-0.00018619382433186237
0.05494415664854555	-0.00019172924534136885
0.055493598215031005	-0.00019795974419970156
0.05604853419718132	-0.00020495699260782206
0.05660901953915313	-0.00021280015898671932
0.05717510973454466	-0.00022157665933188542
0.05774686083189011	-0.00023138296833809453
0.05832432944020901	-0.00024232551587898265
0.0589075727346111	-0.0002545215478855311
0.05949664846195721	-0.00026810034629217865
0.060091614946576784	-0.0002832045122109745
0.06069253109604255	-0.0002999903664846235
0.061299456407002975	-0.0003186285887089709
0.06191245097107301	-0.00033931036066837754
0.06253157548078374	-0.0003622424656246944
0.06315689123559158	-0.00038765258429562593
0.06378846014794749	-0.0004157902191461321
0.06442634474942696	-0.00044693192155991174
0.06507060819692123	-0.0004813673086002534
0.06572131427889044	-0.0005194325403425516
0.06637852742167935	-0.0005614810637878314
0.06704231269589614	-0.0006079027221608112
0.0677127358228551	-0.0006591212162328835
0.06838986318108366	-0.000715598946052883
0.0690737618128945	-0.000777837874217425
0.06976449943102345	-0.0008463835067134008
0.07046214442533368	-0.0009218277243782454
0.071166765869587	-0.0010048123669415242
0.07187843352828288	-0.0010960326981548413
0.07259721786356571	-0.0011962382711383274
0.07332319004220136	-0.0013062417955725881
0.07405642194262338	-0.0014269181908104069
0.07479698616204962	-0.0015592113433558976
0.07554495602367012	-0.0017041359746517498
0.07630040558390681	-0.0018627842619094324
0.07706340963974588	-0.0020363315248020752
0.07783404373614335	-0.002226033238350126
0.07861238417350479	-0.002433242037696238
0.07939850801523983	-0.0026594029243487117
0.08019249309539223	-0.0029060631007450017
0.08099441802634615	-0.003174876427009829
0.08180436220660961	-0.003467610229110433
0.08262240582867571	-0.0037861503919418447
0.08344862988696246	-0.004132510085708623
0.08428311618583208	-0.004508833068736047
0.0851259473476904	-0.004917405932787242
0.0859772068211673	-0.005360660494271399
0.08683697888937897	-0.005840995068133657
0.08770534867827276	-0.006361728652935907
0.08858240216505549	-0.006925216707818025
0.08946822618670604	-0.007534742431426143
0.0903629084485731	-0.008193628570234679
0.09126653753305883	-0.008905324591123953
0.09217920290838942	-0.0096735373815397
0.09310099493747331	-0.01050215872696596
0.09403200488684804	-0.011395293618998194
0.09497232493571653	-0.012357249893270849
0.09592204818507369	-0.013392560967386596
0.09688126866692442	-0.01450593297875556
0.09785008135359367	-0.015702263352511604
0.09882858216712961	-0.016986593978570965
0.0998168679888009	-0.01836409943831806
0.10081503666868892	-0.019839979468402796
0.10182318703537581	-0.021419473434780078
0.10284141890572956	-0.023107668046684557
0.10386983309478687	-0.024909466540672814
0.10490853142573474	-0.02682940585871003
0.10595761673999209	-0.028871508732426034
0.107017192907392	-0.031039052179589716
0.10808736483646593	-0.03333443328100458
0.1091682384848306	-0.035758832232635776
0.1102599208696789	-0.03831213725783462
0.11136252007837569	-0.04099241989603883
0.11247614527915945	-0.04379622673653553
0.11360090673195104	-0.04671802324457406
0.11473691579927055	-0.049750401840759365
0.11588428495726326	-0.05288413219630972
0.11704312780683589	-0.05610817922528651
0.11821355908490425	-0.05941017591308261
0.11939569467575328	-0.06277681805670539
0.12058965162251081	-0.06619422871239554
0.12179554813873593	-0.06964841303467463
0.1230135036201233	-0.0731259591514489
0.12424363865632453	-0.0766143004298482
0.12548607504288778	-0.08010245106501478
0.12674093579331666	-0.08357953613958688
0.12800834515124984	-0.08703900851434565
0.12928842860276235	-0.0904736321208232
0.13058131288878996	-0.09387914014766419
0.13188712601767785	-0.09725271297721809
0.13320599727785462	-0.1005928512057021
0.13453805725063317	-0.10389961242452446
0.1358834378231395	-0.10717393950955123
0.1372422722013709	-0.11041755703064639
0.1386146949233846	-0.11363283600490989
0.14000084187261844	-0.11682214172488212
0.1414008502913446	-0.11998784251656575
0.14281485879425806	-0.12313196513996194
0.14424300738220064	-0.12625581092833205
0.14568543745602264	-0.12935975595833876
0.14714229183058286	-0.13244294309958962
0.14861371474888868	-0.1355041568176041
0.15009985189637756	-0.13854006883126413
0.15160085041534133	-0.14154672052291722
0.15311685891949475	-0.14451888865840654
0.1546480275086897	-0.1474514266148409
0.15619450778377658	-0.15033845502518167
0.15775645286161435	-0.1531742970083363
0.1593340173902305	-0.15595362329528423
0.16092735756413282	-0.1586718075630807
0.16253663113977415	-0.16132499615501086
0.16416199745117188	-0.1639105210270014
0.1658036174256836	-0.16642557574509995
0.16746165359994045	-0.16887271014011412
0.16913627013593985	-0.1712477089516854
0.17082763283729924	-0.17355575914048837
0.17253590916567224	-0.17579635337120697
0.17426126825732896	-0.17797282419554916
0.17600388093990224	-0.1800881838326645
0.17776391974930125	-0.1821456144120508
0.17954155894679427	-0.18414864387513694
0.1813369745362622	-0.18610042206767516
0.18315034428162483	-0.18800408159719295
0.18498184772444107	-0.18986250902720114
0.18683166620168548	-0.1916777509218896
0.18869998286370235	-0.19345124782099005
0.19058698269233937	-0.19518375607993346
0.19249285251926276	-0.19687520400592232
0.1944177810444554	-0.19852470811621875
0.19636195885489996	-0.20013076430157767
0.19832557844344897	-0.20169125987653452
0.20030883422788345	-0.2032036059946325
0.20231192257016228	-0.2046651457385807
0.2043350417958639	-0.2060733252072684
0.20637839221382254	-0.20742573011998833
0.20844217613596078	-0.20872026579959985
0.2105265978973204	-0.2099555452844974
0.2126318638762936	-0.21113025930099394
0.21475818251505654	-0.21224548845241623
0.2169057643402071	-0.21329957658253934
0.2190748219836092	-0.21429487503632966
0.22126557020344528	-0.21523217986734947
0.22347822590547975	-0.21611350036937377
0.22571300816453455	-0.2169409936559285
0.2279701382461799	-0.21771702833136372
0.2302498396286417	-0.21844429954148586
0.2325523380249281	-0.21912527031944248
0.23487786140517738	-0.21976263571706
0.23722664001922916	-0.22035846555796101
0.23959890641942147	-0.22091458849432774
0.2419948954836157	-0.22143235609144069
0.24441484443845185	-0.22191250343478844
0.24685899288283636	-0.22235418781162128
0.24932758281166473	-0.2227592953111288
0.2518208586397814	-0.22312387881122248
0.2543390672261792	-0.2234473852849631
0.256882457898441	-0.22372854949662646
0.2594512824774254	-0.22396509603253817
0.2620457953021996	-0.22415575948090283
0.26466625325522164	-0.22429935719251837
0.2673129157877739	-0.2243954380159619
0.26998604494565165	-0.22444387741011884
0.2726859053951082	-0.224445377121001
0.27541276444905927	-0.22440119767746775
0.2781668920935499	-0.22431271009440346
0.2809485610144854	-0.22418182605176065
0.2837580466246303	-0.22401146213429582
0.2865956270908766	-0.22380412189891535
0.28946158336178535	-0.22356271301716862
0.2923561991954032	-0.22329051793326568
0.2952797611873572	-0.22299030587676644
0.2982325587992308	-0.22266678945111487
0.3012148843872231	-0.222321978424933
0.30422703323109535	-0.2219593193900961
0.3072693035634063	-0.22158239811272346
0.3103419965990404	-0.22119355460769727
0.3134454165650308	-0.22079541300034472
0.3165798707306811	-0.2203892138411815
0.31974566943798793	-0.21997614165234425
0.3229431261323678	-0.2195564373270162
0.3261725573936915	-0.21912992555857674
0.3294342829676284	-0.21869579339378079
0.33272862579730467	-0.21825300151593793
0.33605591205527774	-0.2178006228823624
0.3394164711758305	-0.2173380136298061
0.3428106358875888	-0.21686484160324712
0.3462387422464647	-0.2163814084104768
0.34970112966892936	-0.2158887397713074
0.35319814096561863	-0.21538736610488973
0.35673012237527485	-0.21487976604557768
0.3602974235990276	-0.2143678361429986
0.3639003978350179	-0.21385405187499495
0.3675394018133681	-0.2133407507194052
0.37121479583150174	-0.21283116456069767
0.3749269437898168	-0.2123282281603058
0.37867621322771494	-0.21183509907732131
0.3824629753599921	-0.2113549938468565
0.386287605113592	-0.2108913247788879
0.39015048116472795	-0.21044750757181452
0.39405198597637525	-0.21002699334873395
0.397992505836139	-0.20963318352096078
0.40197243089450035	-0.20926986334681913
0.40599215520344534	-0.20893934715214768
0.4100520767554798	-0.20864491965489493
0.41415259752303457	-0.20838827987658937
0.41829412349826495	-0.20817035788800317
0.4224770647332476	-0.20799070686786605
0.42670183538058004	-0.20784782622121017
0.43096885373438587	-0.20773912044641574
0.43527854227172974	-0.2076617972507924
0.439631327694447	-0.20761305304399058
0.44402764097139147	-0.2075905407824471
0.44846791738110536	-0.2075925455062566
0.45295259655491643	-0.20761796257597184
0.4574821225204656	-0.20766618735346037
0.46205694374567025	-0.20773684875310042
0.46667751318312695	-0.20782985805694068
0.4713442883149582	-0.20794526484089265
0.4760577311981078	-0.20808310044740302
0.4808183085100889	-0.2082434049456406
0.4856264915951898	-0.20842617701200725
0.4904827565111417	-0.20863118631619587
0.4953875840762531	-0.20885832651249028
0.5003414599170156	-0.20910788651526485
0.5053448745161858	-0.20937902228035954
0.5103983232613477	-0.20967165642222763
0.5155023064939612	-0.20998527315273244
0.5206573295589009	-0.21032007951949225
0.5258639028544899	-0.21067519393140482
0.5311225418830349	-0.21105059131665277
0.5364337673018652	-0.21144615266727784
0.5417981049748839	-0.2118619823548889
0.5472160860246328	-0.21229852007505692
0.5526882468848792	-0.212756987009891
0.558215129353728	-0.21323981874345665
0.5637972806472652	-0.21375209354994879
0.5694352534537378	-0.21430415190405255
0.5751296059882752	-0.21491552474527317
0.580880902048158	-0.21560524745419385
0.5866897110686395	-0.2163477739970215
0.592556608179326	-0.21709269839162307
0.5984821742611193	-0.2178214610050025
0.6044669960037304	-0.21853540576425812
0.6105116659637677	-0.2192375649088325
0.6166167826234054	-0.21993112397509912
0.6227829504496394	-0.22061887769809685
0.6290107799541358	-0.22130261847694
0.6353008877536771	-0.2219829877380194
0.6416538966312139	-0.22266158665567454
0.648070435597526	-0.22333857443113925
0.6545511399535012	-0.2240146023252035
0.6610966513530362	-0.22469000968751707
0.6677076178665665	-0.22536497460570748
0.6743846940452322	-0.22603979024459403
0.6811285409856845	-0.2267145345176156
0.6879398263955414	-0.22738930292736542
0.6948192246594969	-0.22806423825888977
0.7017674169060918	-0.22873930632484823
0.7087850910751528	-0.2294146543340151
0.7158729419859042	-0.23009025766276706
0.7230316714057633	-0.23076619319478398
0.7302619881198209	-0.23144245247473597
0.7375646080010191	-0.23211899360293342
0.7449402540810293	-0.23279596897061167
0.7523896566218395	-0.23347308006498022
0.759913553188058	-0.23415055426408615
0.7675126887199386	-0.23482831423383926
0.775187815607138	-0.23550614351508017
0.7829396937632094	-0.23618395004257794
0.7907690907008414	-0.23686166000002798
0.7986767816078498	-0.23753908494618908
0.8066635494239284	-0.23821597507815984
0.8147301849181676	-0.23889207747017754
0.8228774867673493	-0.2395670782223202
0.8311062616350228	-0.24024064058504369
0.839417324251373	-0.2409123090669903
0.8478114974938868	-0.24158162893911195
0.8562896124688257	-0.24224805412653005
0.864852508593514	-0.24291098256733623
0.8735010336794492	-0.24356976081570592
0.8822360440162437	-0.2442236303312321
0.8910584044564062	-0.24487183468861576
0.8999689885009702	-0.2455134986044611
0.9089686783859798	-0.2461477139645642
0.9180583651698396	-0.24677345804961104
0.927238948821538	-0.24738966867737283
0.9365113383097534	-0.24799538960191367
0.945876451692851	-0.24858933156331287
0.9553352162097795	-0.24917034366752233
0.9648885683718773	-0.24973715306065797
0.9745374540555961	-0.2502884679142975
0.9842828285961521	-0.2508229264577968
0.9941256568821136	-0.25133915597542045
1.0040669134509348	-0.2518356963086395
1.0141075825854442	-0.2523110281065858
1.0242486584112986	-0.25276360283964544
1.0344911449954117	-0.25319182550443464
1.0448360564453658	-0.2535940357815923
1.0552844170098195	-0.2539684934862675
1.0658372611799176	-0.2543133610466054
1.0764956337917169	-0.2546267134683162
1.087260590129634	-0.2549065396335423
1.0981331960309302	-0.25515068020589815
1.1091145279912396	-0.2553568858639548
1.120205673271152	-0.25552266146124325
1.1314077300038636	-0.2556454039130221
1.1427218073039023	-0.2557222665268882
1.1541490253769413	-0.2557501976415154
1.1656905156307107	-0.2557258647080399
1.1773474207870178	-0.25564567431788693
1.189120894994888	-0.25550569859431205
1.201012103944837	-0.2553016991832023
1.2130222249842852	-0.25502897632014754
1.2251524472341282	-0.25468257840401154
1.2374039717064695	-0.25425688201663166
1.2497780114235342	-0.25374607006630434
1.2622757915377696	-0.253143666159525
1.2748985494531473	-0.252442466834583
1.2876475349476788	-0.2516352368909489
1.3005240102971556	-0.25071339740712617
1.3135292504001272	-0.24966842105800363
1.3266645429041286	-0.2484908643642085
1.33993118833317	-0.24717047839014017
1.3533305002165017	-0.24569613253979167
1.3668638052186668	-0.2440570991436753
1.3805324432708534	-0.24224015034427607
1.394337767703562	-0.24023245618296668
1.4082811453805977	-0.23802016392923947
1.4223639568344038	-0.23558888515754572
1.436587596402748	-0.23292218271544546
1.4509534723667754	-0.23000488166645283
1.465463007090443	-0.22681993048571325
1.4801176371613476	-0.22334958550966696
1.4949188135329612	-0.2195761018497986
1.5098680016682908	-0.215480869045083
1.5249666816849738	-0.2110452752143553
1.5402163485018237	-0.20625065732077646
1.555618511986842	-0.20107872060257737
1.5711746971067104	-0.19551128710957633
1.5868864440777775	-0.18952994349050406
1.6027553085185553	-0.1831163931548983
1.618782861603741	-0.1762451702248411
1.6349706902197785	-0.16891293851194583
1.6513203971219763	-0.16135253549817208
1.667833601093196	-0.15358767904744208
1.684511937104128	-0.14555748029281507
1.7013570564751692	-0.13729701212323556
1.7183706270399208	-0.12886907913664353
1.73555433331032	-0.12036689609385086
1.7529098766434232	-0.11188750820467573
1.7704389754098575	-0.10352596682522772
1.788143365163956	-0.09540727119454087
1.8060247988155955	-0.08761068197982627
1.8240850468037515	-0.08020947068268877
1.842325897271789	-0.07325858105122494
1.860749156244507	-0.06678910066648619
1.879356647806952	-0.06081299824681089
1.8981502142850217	-0.05532573420072545
1.917131716427872	-0.05031112425390688
1.9363030335921507	-0.04574434898188724
1.9556660639280723	-0.04159573321740256
1.975222724567353	-0.03783329440161862
1.9949749518130266	-0.03442459276780603
2.014924701331157	-0.03133792686781621
2.0350739483444684	-0.02854326345539658
2.055424687827913	-0.02601259422174677
2.0759789347061925	-0.023720137407789985
2.0967387240532545	-0.021642469338857113
2.117706111293787	-0.019758381582658986
2.138883172406725	-0.018048619292318803
2.1602720041307926	-0.016496068803488948
2.1818747241721006	-0.0150852948289581
2.2036934714138217	-0.0138024490219462
2.2257304061279597	-0.012635216964155357
2.247987710189239	-0.011572397855810969
2.2704675872911317	-0.010604076044259537
2.293172263164043	-0.009721335142530152
2.3161039857956838	-0.008916158750263758
2.3392650256536407	-0.008181337930878241
2.362657675910177	-0.0075103985068964325
2.386284252669279	-0.006897498864177634
2.410147095195972	-0.006337376710166963
2.4342485661479314	-0.005825257395796008
2.4585910518094107	-0.005356906089786277
2.483176962327505	-0.004928375364324838
2.5080087319507802	-0.00453616092802542
2.533088819270288	-0.004177058688225998
2.5584197074629906	-0.0038481710955900134
2.5840039045376204	-0.0035468699803049442
2.6098439435829968	-0.003270745887746499
2.635942383018827	-0.0030176185479066603
2.662301806849015	-0.002785497941256866
2.688924824917505	-0.0025725706775138308
2.71581407316668	-0.002377182094710329
2.742972213898347	-0.0021978123168647674
2.7704019360373304	-0.0020331126722425005
2.7981059553977037	-0.0018817941311556105
2.8260870149516806	-0.0017427167541633098
2.8543478851011974	-0.001614830185622927
2.8828913639522096	-0.001497173497306654
2.9117202775917317	-0.0013888710078590718
2.940837480367649	-0.0012891213412384792
2.9702458551713256	-0.0011971927466473005
2.999948313723039	-0.0011124169580280924
3.0299477968602693	-0.0010341843265861772
3.060247274828872	-0.0009619393732905179
3.0908497475771606	-0.0008951734962876477
3.1217582450529324	-0.0008334235781262181
3.152975827503462	-0.0007762684799535504
3.1845055857784965	-0.0007233234178769284
3.2163506416362817	-0.0006742385292243539
3.2485141480526445	-0.0006286948530204141
3.2809992895331708	-0.0005864021693981374
3.3138092824285024	-0.0005470953733522923
3.3469473752527876	-0.0005105378792457354
3.3804168490053157	-0.0004765073681272757
3.414221017495369	-0.00044480613833329947
3.4483632276703227	-0.00041525327858275417
3.482846859947026	-0.00038768443727852904
3.5176753285464963	-0.00036194920362289944
3.5528520818319613	-0.0003379112446649077
3.588380602650281	-0.00031544613180522634
3.624264408676784	-0.00029444003824332775
3.660507052763552	-0.0002747898980221567
3.6971121232911877	-0.00025640047484909787
3.7340832445240997	-0.00023918522112424258
3.771424076969341	-0.00022306484035902678
3.809138317739034	-0.0002079662930180492
3.8472297009164245	-0.00019382268324767937
3.885701997925589	-0.0001805723397629017
3.9245590179048446	-0.00016815839032731998
3.963804608083893	-0.00015652827741849816
4.003442654164732	-0.0001456334098238725
4.04347708070638	-0.0001354286405195746
4.083911851513443	-0.00012587202310517426
4.124750970028578	-0.00011692462397348919
4.165998479728864	-0.00010854992146061705
4.207658464526152	-0.00010071399115637562
4.249735049171414	-9.338490160750243e-5
4.292232399663128	-8.653282023005346e-5
4.335154723659759	-8.012966557345528e-5
4.378506270896357	-7.41490759092128e-5
4.422291333605321	-6.856619071748855e-5
4.466514246941374	-6.33575670222822e-5
4.511179389410787	-5.850110070095305e-5
4.556291183304896	-5.397587828518175e-5
4.601854095137945	-4.976214309518771e-5
4.647872636089325	-4.584119509876422e-5
4.6943513624502184	-4.219534162591888e-5
4.741294876074721	-3.880781967870967e-5
4.788707824835468	-3.566275891057103e-5
4.836594903083823	-3.274512344671845e-5
4.884960852114661	-3.0040671595553018e-5
4.933810460635808	-2.753591680799658e-5
4.983148565242166	-2.5218087399939216e-5
5.032980050894587	-2.307509164836177e-5
5.083309851403533	-2.109549475434813e-5
5.134142949917568	-1.9268477055777022e-5
5.185484379416744	-1.7583816281365863e-5
5.2373392232109115	-1.603185608632001e-5
5.289712615443021	-1.4603480661487479e-5
5.342609741597451	-1.329009430097901e-5
5.396035839013426	-1.2083597042788326e-5
5.449996197403561	-1.0976362048199087e-5
5.504496159377596	-9.961215242702613e-6
5.559541120971372	-9.031415181836792e-6
5.6151365321810855	-8.180632734159507e-6
5.671287897502896	-7.402932357481111e-6
5.728000776477925	-6.692753444824984e-6
5.785280784242705	-6.044892232262761e-6
5.843133592085132	-5.454484814976301e-6
5.901564928005984	-4.9169885720642595e-6
5.960580577286043	-4.428168324773128e-6
6.0201863830589035	-3.984077539521177e-6
6.080388246889493	-3.581044982154378e-6
6.141192129358388	-3.215658474178317e-6
6.202604050651972	-2.8847506462002037e-6
6.264630091158492	-2.5853853352451535e-6
6.327276392070077	-2.3148435855776763e-6
6.390549155990778	-2.0706109986986675e-6
6.454454647550685	-1.8503650665225793e-6
6.518999194026192	-1.6519631842692399e-6
6.584189185966454	-1.4734312405434478e-6
6.650031077826118	-1.3129526635074124e-6
6.71653138860438	-1.1688579396159396e-6
6.783696702490423	-1.0396146212285314e-6
6.8515336695153275	-9.23817843202776e-7
6.920049006210481	-8.201814066102216e-7
6.989249496272586	-7.275292025872328e-7
7.059141991235312	-6.447871290780685e-7
7.129733411147665	-5.709755602264194e-7
7.201030745259142	-5.052021636359477e-7
7.273041052711733	-4.466550849631651e-7
7.34577146323885	-3.945967647336928e-7
7.419229177871238	-3.483579145670709e-7
7.493421469649951	-3.0733201595405714e-7
7.56835568434645	-2.709701156940027e-7
7.6440392411899145	-2.3877602548450317e-7
7.720479633601814	-2.1030182954810974e-7
7.797684429937832	-1.851437187480279e-7
7.875661274237211	-1.6293810197189171e-7
7.9544178869795825	-1.4335804451307671e-7
8.033962065849378	-1.2610995901109464e-7
8.114301686507872	-1.1093053658198334e-7
8.195444703372951	-9.758395308768433e-8
8.27739915040668	-8.585926715622659e-8
8.360173141910748	-7.556804813353704e-8
8.443774873329856	-6.654220100785409e-8
8.528212622063155	-5.863197006206737e-8
8.613494748283786	-5.170411757065704e-8
8.699629695766625	-4.564026219030868e-8
8.786625992724291	-4.0335365207407926e-8
8.874492252651534	-3.569635352334955e-8
8.96323717517805	-3.164086975887414e-8
9.05286954692983	-2.8096139084987048e-8
9.14339824239913	-2.4997943373743324e-8
9.234832224823121	-2.2289694348431878e-8
9.327180547071352	-1.9921597236954706e-8
9.420452352542066	-1.7849897187965936e-8
9.514656876067487	-1.6036201798866736e-8
9.609803444828163	-1.4446872216265073e-8
9.705901479276445	-1.305247749568904e-8
9.80296049406921	-1.1827305393366826e-8
9.900990099009901	-1.0748924253135202e-8
10.0	-9.79793805649987e-9
